Sample,,,,,,,,,45  Sc  [ No Gas ] ,,56  Fe  [ No Gas ] ,,89  Y  [ No Gas ] ,,113  In  [ No Gas ] ,,139  La  [ No Gas ] ,,140  Ce  [ No Gas ] ,,141  Pr  [ No Gas ] ,,144  Nd  [ No Gas ] ,,146  Nd  [ No Gas ] ,,147  Sm  [ No Gas ] ,,151  Eu  [ No Gas ] ,,153  Eu  [ No Gas ] ,,157  Gd  [ No Gas ] ,,159  Tb  [ No Gas ] ,,163  Dy  [ No Gas ] ,,165  Ho  [ No Gas ] ,,166  Er  [ No Gas ] ,,169  Tm  [ No Gas ] ,,172  Yb  [ No Gas ] ,,175  Lu  [ No Gas ] ,,103  Rh ( ISTD )  [ No Gas ] ,
,Rjct,Data File,Acq. Date-Time,,Type,Level,Sample Name,Comment,Conc.,Conc. RSD,Conc.,Conc. RSD,Conc.,Conc. RSD,Conc.,Conc. RSD,Conc.,Conc. RSD,Conc.,Conc. RSD,Conc.,Conc. RSD,Conc.,Conc. RSD,Conc.,Conc. RSD,Conc.,Conc. RSD,Conc.,Conc. RSD,Conc.,Conc. RSD,Conc.,Conc. RSD,Conc.,Conc. RSD,Conc.,Conc. RSD,Conc.,Conc. RSD,Conc.,Conc. RSD,Conc.,Conc. RSD,Conc.,Conc. RSD,Conc.,Conc. RSD,Conc.,Conc. RSD
113  In  [ No Gas ] :  Calibration Curve Fit R value = -0.256925 is below the allowed minimum = 0.950000,FALSE,001CALB.d,12/09/21 11:04 AM,,CalBlk,,blank,,0.151,0.7,,,0.001,14,939.253,28.6,0,8.3,0.001,10.8,0,35.3,0,173.2,0.001,52.9,0,114.6,0,62.4,0,94.4,0,88.2,0.001,11.8,0,35.3,0,4.6,<0.000,N/A,0,10.4,0,32.7,0,24,,
113  In  [ No Gas ] :  Calibration Curve Fit R value = -0.256925 is below the allowed minimum = 0.950000103  Rh ( ISTD )  [ No Gas ] :  CPS RSD value = 7.39 is over the allowed maximum = 5.00,FALSE,002CALS.d,12/09/21 11:10 AM,,CalStd,1,1,,0.951,2.1,,,1.04,2.1,1115.362,63.8,1.03,1.7,1.038,2,1.019,2,1.056,3.4,1.027,2.2,1.014,1.5,1.017,1.2,1.015,1.4,1.005,2.3,1.026,1.4,1.023,2.3,1.021,1.6,0.096,5.6,1.031,1.7,1.021,1.4,1.023,1.7,,
113  In  [ No Gas ] :  Calibration Curve Fit R value = -0.256925 is below the allowed minimum = 0.950000,FALSE,003CALS.d,12/09/21 11:15 AM,,CalStd,2,2,,1.916,2.8,,,2.084,0.4,587.033,62.4,2.074,0.3,2.079,0.6,2.05,0.4,2.064,2,2.047,0.6,2.034,0.7,2.047,0.4,2.028,0.4,2.038,0.5,2.049,0.1,2.025,0.5,2.051,0.3,1.112,0.6,2.059,0.2,2.033,0.7,2.039,0.1,,
113  In  [ No Gas ] :  Calibration Curve Fit R value = -0.256925 is below the allowed minimum = 0.950000,FALSE,004CALS.d,12/09/21 11:20 AM,,CalStd,3,5,,4.979,1.1,,,5.236,0.3,939.253,60.3,5.207,0.3,5.206,0.2,5.161,0.1,5.2,1.1,5.187,0.7,5.125,0.5,5.162,0.7,5.175,0.3,5.119,1.1,5.19,0.7,5.118,0.4,5.175,0.3,4.247,0.3,5.205,0.2,5.18,0.1,5.151,0.1,,
113  In  [ No Gas ] :  Calibration Curve Fit R value = -0.256925 is below the allowed minimum = 0.950000,FALSE,005CALS.d,12/09/21 11:25 AM,,CalStd,4,10,,9.92,0.8,,,10.271,0.3,821.846,32.7,10.242,0.4,10.267,0.1,10.179,0.4,10.324,1.1,10.194,0.5,10.132,1.2,10.193,0.7,10.238,0.7,10.201,0.5,10.215,0.4,10.141,0.3,10.233,0.5,9.238,0.6,10.408,0.8,10.181,0.2,10.185,1.4,,
113  In  [ No Gas ] :  Calibration Curve Fit R value = -0.256925 is below the allowed minimum = 0.950000,FALSE,006CALS.d,12/09/21 11:30 AM,,CalStd,5,25,,25.245,0.4,,,26.099,0.6,410.923,65.5,25.901,2.3,26.057,0.2,25.755,1.5,25.742,0.3,25.651,0.3,25.402,0.3,26.385,0.3,26.012,1.1,25.435,0.3,25.904,1,25.438,0.7,26.234,0.7,24.773,0.1,25.703,1.1,25.715,0.5,25.787,0.5,,
113  In  [ No Gas ] :  Calibration Curve Fit R value = -0.256925 is below the allowed minimum = 0.950000103  Rh ( ISTD )  [ No Gas ] :  CPS RSD value = 10.91 is over the allowed maximum = 5.00,FALSE,007CALS.d,12/09/21 11:35 AM,,CalStd,6,50,,52.857,1.5,,,51.985,0.7,1291.472,34.3,51.431,1.6,52.096,2.2,51.55,1.2,53.239,1.6,52.017,1.1,51.729,0.7,52.359,0.7,52.364,1.2,51.568,1.3,51.765,1,52.777,1,51.485,1.1,51.341,1.8,51.804,1.5,53.456,1.4,51.164,1.5,,
113  In  [ No Gas ] :  Calibration Curve Fit R value = -0.256925 is below the allowed minimum = 0.950000,FALSE,008CALS.d,12/09/21 11:40 AM,,CalStd,7,100,,102.182,0.5,,,101.804,0.5,763.143,58.1,101.463,1.5,101.288,0.1,101.247,0.8,104.863,1,105.611,0.8,104.152,0.9,102.383,0.3,101.906,0.8,103.593,0.7,101.527,0.9,103.776,1,102.303,1.2,102.818,0.8,102.271,0.7,105.458,0.4,101.666,0.5,,
113  In  [ No Gas ] :  Calibration Curve Fit R value = -0.256925 is below the allowed minimum = 0.950000,FALSE,009CALS.d,12/09/21 11:44 AM,,CalStd,8,250,,252.316,0.7,,,252.744,0.5,528.33,88.2,251.394,0.7,251.327,0.5,250.449,0.6,251.107,1.3,252.672,1.1,254.341,1,251.513,1.2,252.671,1,255.169,1.1,255.671,0.7,253.97,1.3,252.793,1,252.437,0.5,251.975,0.8,254.664,1.2,251.314,0.9,,
113  In  [ No Gas ] :  Calibration Curve Fit R value = -0.256925 is below the allowed minimum = 0.950000,FALSE,010CALS.d,12/09/21 11:49 AM,,CalStd,9,500,,494.476,0.3,,,495.758,0.5,763.143,58.1,496.824,0.4,499.338,1.7,495.209,0.2,498.378,1.3,491.473,1.2,493.933,0.4,492.958,0.7,494.274,0.4,492.696,0.7,497.465,0.5,495.667,0.7,495.992,0.6,495.755,1.2,498.313,1.6,498.459,1.1,493.787,1.6,,
113  In  [ No Gas ] :  Calibration Curve Fit R value = -0.256925 is below the allowed minimum = 0.950000,FALSE,011CALS.d,12/09/21 11:53 AM,,CalStd,10,1000,,1001.817,0.8,,,1001.124,1.3,645.736,41.7,1000.995,0.4,999.735,0.7,1002.059,0.4,999.863,0.4,1002.914,0.9,1001.434,1.4,1002.749,1.1,1001.858,0.6,1001.908,0.4,999.583,0.8,1000.644,1.2,1000.967,0.8,1001.184,0.4,1000.01,0.2,998.865,0.5,1002.531,0.1,,
113  In  [ No Gas ] :  Calibration Curve Fit R value = -0.256925 is below the allowed minimum = 0.950000,FALSE,012BLKV.d,12/09/21 11:57 AM,,BlkVrfy,,blank verify,,0.354,2.8,,,0.013,1.4,528.33,66.7,0.012,3.9,0.014,5.8,0.013,5,0.014,7.2,0.014,5.6,0.012,21.2,0.012,5.3,0.013,4.8,0.011,7.2,0.013,9.8,0.013,9.1,0.012,4.2,<0.000,N/A,0.012,5.3,0.012,15.3,0.012,4.5,,
113  In  [ No Gas ] :  Calibration Curve Fit R value = -0.256925 is below the allowed minimum = 0.950000113  In  [ No Gas ] :  Concentration value = 6105.49 is over the calibration range,FALSE,013SMPL.d,12/09/21 12:02 PM,,Sample,,1-D1,,0.518,1.3,,,7.825,0.7,6105.494,26.2,31.043,1.8,102.345,1.2,8.181,0.2,29.404,0.8,32.345,0.2,4.902,0.8,0.411,1.1,0.411,0.9,4.096,0.6,0.458,0.6,2.023,0.5,0.368,0.1,0.04,42.5,0.122,2.5,0.724,1,0.105,0.7,,
113  In  [ No Gas ] :  Calibration Curve Fit R value = -0.256925 is below the allowed minimum = 0.950000113  In  [ No Gas ] :  Concentration value = 1937.27 is over the calibration range,FALSE,014SMPL.d,12/09/21 12:07 PM,,Sample,,2-D1,,0.428,1,,,0.763,1.2,1937.267,31.5,3.788,0.3,4.873,0.1,0.883,0.8,3.347,1.7,3.71,0.4,0.522,1.5,0.046,3.4,0.049,3,0.413,0.5,0.043,2,0.175,2.3,0.033,0.8,<0.000,N/A,0.012,1,0.06,5.9,0.011,3.7,,
113  In  [ No Gas ] :  Calibration Curve Fit R value = -0.256925 is below the allowed minimum = 0.950000113  In  [ No Gas ] :  Concentration value = 5459.76 is over the calibration range,FALSE,015SMPL.d,12/09/21 12:12 PM,,Sample,,3-D1,,0.441,1.4,,,9.273,0.6,5459.758,0,44.96,0.8,136.103,1,10.574,0.7,36.626,0.3,40.249,0.4,6.035,0.6,0.497,1.2,0.5,1.5,5.05,0.7,0.556,0.2,2.443,0.8,0.427,0.7,0.188,1.5,0.132,1.5,0.787,0.4,0.111,0.4,,
113  In  [ No Gas ] :  Calibration Curve Fit R value = -0.256925 is below the allowed minimum = 0.950000113  In  [ No Gas ] :  Concentration value = 5694.57 is over the calibration range,FALSE,016SMPL.d,12/09/21 12:17 PM,,Sample,,4-D1,,0.412,0.5,,,8.115,0.2,5694.571,23.4,34.427,0.2,113.996,0.4,8.68,0.3,30.739,0.3,33.682,0.1,5.078,0.3,0.428,1,0.437,1.9,4.307,0.8,0.477,1.1,2.137,0.8,0.38,0.4,0.076,12.3,0.12,1.1,0.724,0.2,0.101,1.2,,
113  In  [ No Gas ] :  Calibration Curve Fit R value = -0.256925 is below the allowed minimum = 0.950000113  In  [ No Gas ] :  Concentration value = 5107.42 is over the calibration range,FALSE,017SMPL.d,12/09/21 12:22 PM,,Sample,,5-D1,,0.389,0.5,,,7.807,0.5,5107.421,12.4,31.3,0.3,101.715,0.5,8.171,0.4,29.27,0.2,32.324,0.8,4.885,0.5,0.405,1.5,0.416,3.5,4.09,0.8,0.456,1.4,2.032,1.1,0.365,0.4,0.06,10.9,0.118,1.3,0.726,1,0.099,1.6,,
113  In  [ No Gas ] :  Calibration Curve Fit R value = -0.256925 is below the allowed minimum = 0.950000113  In  [ No Gas ] :  Concentration value = 5577.05 is over the calibration range,FALSE,018SMPL.d,12/09/21 12:27 PM,,Sample,,6-D1,,0.4,2.4,,,9.487,0.3,5577.047,11.1,45.515,0.6,141.356,0.6,10.681,0.5,36.876,0.7,40.794,0.6,6.111,0.5,0.504,0.7,0.504,2.5,5.148,0.9,0.566,0.4,2.507,0.4,0.439,0.3,0.211,5.6,0.137,1.3,0.803,1.5,0.112,1.8,,
113  In  [ No Gas ] :  Calibration Curve Fit R value = -0.256925 is below the allowed minimum = 0.950000113  In  [ No Gas ] :  Concentration value = 2524.36 is over the calibration range,FALSE,019SMPL.d,12/09/21 12:32 PM,,Sample,,7-D1,,0.367,4.7,,,0.775,1,2524.359,28.2,3.879,0.4,5.031,0.7,0.906,0.4,3.455,0.3,3.811,0.1,0.525,0.3,0.047,1,0.049,16.2,0.424,2,0.043,1.7,0.172,3.1,0.031,1.2,<0.000,N/A,0.01,6,0.058,3.7,0.009,3.8,,
45  Sc  [ No Gas ] :  CPS RSD value = 10.05 is over the allowed maximum = 5.00113  In  [ No Gas ] :  Calibration Curve Fit R value = -0.256925 is below the allowed minimum = 0.950000113  In  [ No Gas ] :  Concentration value = 4872.61 is over the calibration range,FALSE,020SMPL.d,12/09/21 12:37 PM,,Sample,,8-D1,,0.435,10.1,,,9.343,0.3,4872.608,23.5,45.345,0.5,137.683,0.3,10.626,0.3,36.817,0.8,40.491,0.1,6.057,0.8,0.503,0.9,0.495,1.2,5.065,0.2,0.557,0.3,2.453,1.1,0.43,0.2,0.197,5.6,0.132,1.5,0.793,0.6,0.109,0.8,,
113  In  [ No Gas ] :  Calibration Curve Fit R value = -0.256925 is below the allowed minimum = 0.950000113  In  [ No Gas ] :  Concentration value = 5694.51 is over the calibration range,FALSE,021SMPL.d,12/09/21 12:42 PM,,Sample,,9-D1,,0.386,1.6,,,8.421,0.6,5694.512,7.8,35.814,0.3,119.061,0.9,8.999,0.1,31.92,0.5,35.089,0.1,5.335,0.8,0.447,1,0.45,2.9,4.474,1,0.501,0.9,2.227,0.9,0.396,0.3,0.108,2.6,0.125,1.2,0.749,1.1,0.104,0.6,,
113  In  [ No Gas ] :  Calibration Curve Fit R value = -0.256925 is below the allowed minimum = 0.950000113  In  [ No Gas ] :  Concentration value = 5753.22 is over the calibration range,FALSE,022SMPL.d,12/09/21 12:47 PM,,Sample,,10-D1,,0.375,4,,,7.911,0.5,5753.215,12.7,31.369,0.5,103.967,0.6,8.266,0.7,29.765,0.7,32.711,0.5,4.957,0.6,0.41,1.9,0.417,1.1,4.134,0.7,0.458,1.2,2.064,1.6,0.369,0.8,0.055,16.3,0.118,0.5,0.729,1.1,0.101,2.2,,
113  In  [ No Gas ] :  Calibration Curve Fit R value = -0.256925 is below the allowed minimum = 0.950000,FALSE,023SMPL.d,12/09/21 12:52 PM,,Sample,,cal check 10,,9.553,0.4,,,9.606,0.6,587.033,34.6,9.778,0.4,9.812,0.4,9.742,0.2,9.896,0.4,9.849,0.6,9.818,0.4,9.898,0.4,9.94,0.6,9.818,0.2,10.016,0.2,9.939,0.5,10.047,0.4,9.078,0.3,10.332,1.3,9.984,0.5,10.189,1.2,,
113  In  [ No Gas ] :  Calibration Curve Fit R value = -0.256925 is below the allowed minimum = 0.950000,FALSE,024SMPL.d,12/09/21 12:57 PM,,Sample,,blank,,0.146,1.1,,,0.001,15,293.516,91.7,0.001,25.8,0.002,7.2,0.001,14.9,0,100,0.001,44.1,0.001,25,0,22.3,0.001,124.9,0,35.3,0,22.2,0.001,22.3,0,18.9,<0.000,N/A,0,25.7,0.001,17.6,0,2.3,,
113  In  [ No Gas ] :  Calibration Curve Fit R value = -0.256925 is below the allowed minimum = 0.950000113  In  [ No Gas ] :  Concentration value = 5811.92 is over the calibration range,FALSE,025SMPL.d,12/09/21 01:02 PM,,Sample,,11-D1,,0.39,0.9,,,9.235,0.5,5811.919,5.3,45.833,1,137.238,0.4,10.644,0.5,36.644,0.7,40.476,0.7,5.997,0.9,0.497,0.5,0.495,0.8,5.032,0.8,0.552,0.9,2.419,1.3,0.425,0.7,0.182,2.7,0.132,2.2,0.773,1,0.108,1,,
113  In  [ No Gas ] :  Calibration Curve Fit R value = -0.256925 is below the allowed minimum = 0.950000113  In  [ No Gas ] :  Concentration value = 5694.51 is over the calibration range,FALSE,026SMPL.d,12/09/21 01:07 PM,,Sample,,12-D1,,0.369,2.3,,,8.457,0.6,5694.512,13.9,35.981,1.2,117.377,0.1,8.986,0.2,31.7,0.6,34.91,0.1,5.32,0.8,0.442,0.4,0.441,0.3,4.461,0.6,0.501,0.9,2.211,0.4,0.397,0.4,0.11,5.6,0.126,2.2,0.748,0.6,0.103,2,,
113  In  [ No Gas ] :  Calibration Curve Fit R value = -0.256925 is below the allowed minimum = 0.950000113  In  [ No Gas ] :  Concentration value = 5988.09 is over the calibration range,FALSE,027SMPL.d,12/09/21 01:12 PM,,Sample,,13-D1,,0.37,2.2,,,9.357,0.8,5988.087,7.8,44.468,0.2,137.471,0.7,10.412,0.2,35.98,0.5,39.643,0.1,5.964,0.8,0.495,0.5,0.497,1,5.038,0.4,0.555,0.6,2.453,0.8,0.432,1.3,0.198,7.9,0.135,1.1,0.79,0.7,0.109,1,,
113  In  [ No Gas ] :  Calibration Curve Fit R value = -0.256925 is below the allowed minimum = 0.950000113  In  [ No Gas ] :  Concentration value = 1467.64 is over the calibration range,FALSE,028SMPL.d,12/09/21 01:17 PM,,Sample,,14-D1,,0.338,0.8,,,0.771,0.4,1467.641,38.6,3.888,0.3,5.041,0.2,0.905,0.4,3.501,1.3,3.818,0.7,0.523,1.3,0.048,2.8,0.047,4,0.424,1.3,0.042,1.4,0.174,1.1,0.031,3.7,<0.000,N/A,0.01,3.5,0.06,6.1,0.009,3.7,,
113  In  [ No Gas ] :  Calibration Curve Fit R value = -0.256925 is below the allowed minimum = 0.950000113  In  [ No Gas ] :  Concentration value = 4931.31 is over the calibration range,FALSE,029SMPL.d,12/09/21 01:22 PM,,Sample,,15-D1,,0.402,10.8,,,9.31,0.3,4931.311,19.9,45.826,0.7,140.79,1.3,10.618,0.2,36.705,0.3,40.18,0.2,5.996,0,0.497,1.6,0.509,2,5.033,0.8,0.555,0.6,2.429,0.6,0.424,1.2,0.19,1.1,0.131,2.3,0.783,1.6,0.108,1.7,,
113  In  [ No Gas ] :  Calibration Curve Fit R value = -0.256925 is below the allowed minimum = 0.950000113  In  [ No Gas ] :  Concentration value = 5577.11 is over the calibration range,FALSE,030SMPL.d,12/09/21 01:27 PM,,Sample,,1-D2,,0.373,1.6,,,8.45,0.4,5577.106,18,38.046,0.7,124.685,0.5,9.841,0.2,34.923,0.9,38.107,0.4,5.666,0.7,0.46,1.5,0.466,2.6,4.679,1.1,0.511,0.4,2.247,1.2,0.396,1,0.129,8.7,0.126,1.4,0.761,0.8,0.108,1.2,,
113  In  [ No Gas ] :  Calibration Curve Fit R value = -0.256925 is below the allowed minimum = 0.950000113  In  [ No Gas ] :  Concentration value = 1995.91 is over the calibration range,FALSE,031SMPL.d,12/09/21 01:32 PM,,Sample,,2-D2,,0.337,1.7,,,0.92,0.3,1995.912,5.1,4.985,0.3,7.347,0.4,1.174,0.2,4.432,0.4,4.898,0.5,0.666,0.9,0.056,0.8,0.059,5.8,0.515,0.7,0.054,1.8,0.214,0.6,0.038,1.5,<0.000,N/A,0.012,2.9,0.074,0.8,0.011,1.7,,
113  In  [ No Gas ] :  Calibration Curve Fit R value = -0.256925 is below the allowed minimum = 0.950000113  In  [ No Gas ] :  Concentration value = 6868.64 is over the calibration range,FALSE,032SMPL.d,12/09/21 01:37 PM,,Sample,,3-D2,,0.392,2.3,,,10.151,0.1,6868.637,6.8,54.522,0.3,165.532,0.5,13.151,0.6,44.559,0.3,48.014,0.4,7.008,1.1,0.57,1.3,0.567,0.9,5.824,0.6,0.63,1.2,2.697,0.2,0.469,0.5,0.303,6.1,0.144,0.4,0.851,0.2,0.118,1.8,,
113  In  [ No Gas ] :  Calibration Curve Fit R value = -0.256925 is below the allowed minimum = 0.950000113  In  [ No Gas ] :  Concentration value = 4109.41 is over the calibration range,FALSE,033SMPL.d,12/09/21 01:42 PM,,Sample,,4-D2,,0.394,8.8,,,8.797,0.9,4109.406,10.8,42.246,0.5,137.458,1.3,10.379,0.4,36.201,0.2,39.771,0.5,5.908,1.1,0.481,0.2,0.488,1.6,4.906,0,0.53,1.5,2.335,0.6,0.41,0.5,0.144,1,0.129,0.5,0.766,1,0.107,1.6,,
113  In  [ No Gas ] :  Calibration Curve Fit R value = -0.256925 is below the allowed minimum = 0.950000113  In  [ No Gas ] :  Concentration value = 5166.18 is over the calibration range,FALSE,034SMPL.d,12/09/21 01:47 PM,,Sample,,5-D2,,0.39,10.9,,,8.666,0.3,5166.183,15.7,39.029,0.4,126.677,0.5,10.021,0.7,35.475,0.3,39.033,0.2,5.725,0.2,0.464,2.1,0.46,2.4,4.705,0.9,0.52,0.6,2.284,0.5,0.403,0.8,0.147,4.2,0.13,1.5,0.788,0.2,0.108,1.9,,
113  In  [ No Gas ] :  Calibration Curve Fit R value = -0.256925 is below the allowed minimum = 0.950000,FALSE,035SMPL.d,12/09/21 01:52 PM,,Sample,,cal check 25,,24.265,0.2,,,24.907,0.6,410.923,49.5,25.197,1.5,25.213,1,24.942,0.7,24.831,0.7,24.606,0.1,24.472,0.2,25.316,1.8,25.413,2.3,24.529,0.6,25.138,0.5,24.752,0,25.439,0.9,23.973,0.5,25.537,0.9,25.028,0.2,25.323,1,,
113  In  [ No Gas ] :  Calibration Curve Fit R value = -0.256925 is below the allowed minimum = 0.950000,FALSE,036SMPL.d,12/09/21 01:57 PM,,Sample,,blank,,0.162,3.5,,,0.001,14.5,821.846,12.4,0.001,3.5,0.003,12.4,0.001,6.2,0.001,89.2,0.001,34.6,0.001,21.7,0.001,19.1,0.001,47.2,0.001,9.1,0.001,16.3,0.001,22.2,0.001,12,<0.000,N/A,0.001,10.2,0.001,10.8,0.001,14.8,,
45  Sc  [ No Gas ] :  CPS RSD value = 9.57 is over the allowed maximum = 5.00113  In  [ No Gas ] :  Calibration Curve Fit R value = -0.256925 is below the allowed minimum = 0.950000113  In  [ No Gas ] :  Concentration value = 6105.49 is over the calibration range103  Rh ( ISTD )  [ No Gas ] :  CPS RSD value = 16.72 is over the allowed maximum = 5.00,FALSE,037SMPL.d,12/09/21 02:02 PM,,Sample,,6-D2,,0.418,9.6,,,9.8,1.7,6105.494,9.3,52.56,1.9,161.609,2.3,12.561,1.4,42.225,1.9,45.919,1.7,6.734,1.6,0.543,1.9,0.546,2.6,5.621,2,0.611,1,2.608,1.7,0.453,1.6,0.258,7,0.142,1.3,0.821,1.3,0.116,1,,
113  In  [ No Gas ] :  Calibration Curve Fit R value = -0.256925 is below the allowed minimum = 0.950000113  In  [ No Gas ] :  Concentration value = 2524.30 is over the calibration range,FALSE,038SMPL.d,12/09/21 02:07 PM,,Sample,,7-D2,,0.356,2.2,,,0.944,0.7,2524.3,40.3,5.154,0.8,7.657,0.4,1.214,0.3,4.574,0.4,5.019,0.4,0.684,2,0.062,1.4,0.063,6.6,0.542,0.8,0.058,3,0.223,0.6,0.042,2.8,<0.000,N/A,0.014,3.8,0.075,4.7,0.014,2.6,,
113  In  [ No Gas ] :  Calibration Curve Fit R value = -0.256925 is below the allowed minimum = 0.950000113  In  [ No Gas ] :  Concentration value = 5577.11 is over the calibration range,FALSE,039SMPL.d,12/09/21 02:12 PM,,Sample,,8-D2,,0.399,2.4,,,9.941,0.9,5577.106,7.9,53.57,0.1,161.12,0.5,12.837,0.7,43.417,0.4,46.837,0.4,6.833,0.4,0.555,0.7,0.559,1.3,5.634,0.6,0.613,0.4,2.621,0.4,0.46,0.8,0.261,5.2,0.143,1.8,0.839,1.8,0.119,0.8,,
113  In  [ No Gas ] :  Calibration Curve Fit R value = -0.256925 is below the allowed minimum = 0.950000113  In  [ No Gas ] :  Concentration value = 5342.29 is over the calibration range,FALSE,040SMPL.d,12/09/21 02:17 PM,,Sample,,9-D2,,0.391,4.1,,,9.154,0.1,5342.292,18.2,43.684,1,142.683,1,10.769,0.6,37.6,0.9,41.306,0.5,6.187,0.4,0.502,0.4,0.509,2.8,5.095,0.8,0.561,0.5,2.426,1,0.429,0.5,0.198,2.5,0.137,0.7,0.814,1.4,0.115,2.4,,
113  In  [ No Gas ] :  Calibration Curve Fit R value = -0.256925 is below the allowed minimum = 0.950000113  In  [ No Gas ] :  Concentration value = 5048.72 is over the calibration range,FALSE,041SMPL.d,12/09/21 02:22 PM,,Sample,,10-D2,,0.371,1.8,,,8.606,0.2,5048.717,33.2,38.789,0.4,127.491,0.8,9.962,0.7,35.141,0.8,38.722,0.3,5.728,0.8,0.456,1,0.459,3.4,4.746,0.3,0.517,0.4,2.276,0.3,0.401,0.3,0.134,11.8,0.131,0.6,0.772,0.4,0.108,0.6,,
113  In  [ No Gas ] :  Calibration Curve Fit R value = -0.256925 is below the allowed minimum = 0.950000113  In  [ No Gas ] :  Concentration value = 5342.29 is over the calibration range,FALSE,042SMPL.d,12/09/21 02:27 PM,,Sample,,11-D2,,0.383,0.9,,,9.875,0.8,5342.292,22.4,54.302,0.5,163.402,1.2,13.057,0.6,43.916,0.9,47.321,0.6,6.887,0.7,0.55,1.8,0.56,1.2,5.694,0.7,0.613,1.2,2.612,0.3,0.45,0.5,0.261,2.2,0.138,0.2,0.817,0.5,0.114,0.4,,
113  In  [ No Gas ] :  Calibration Curve Fit R value = -0.256925 is below the allowed minimum = 0.950000113  In  [ No Gas ] :  Concentration value = 5224.89 is over the calibration range,FALSE,043SMPL.d,12/09/21 02:32 PM,,Sample,,12-D2,,0.37,2.2,,,9.01,0.4,5224.886,16.6,42.967,1.1,140.439,0.5,10.535,0.1,36.935,1.1,40.382,0.5,6.016,0.7,0.487,0.9,0.484,1,5.005,0.4,0.547,0.4,2.395,0.1,0.418,0.9,0.17,5.6,0.132,1.3,0.796,0.7,0.11,1.8,,
113  In  [ No Gas ] :  Calibration Curve Fit R value = -0.256925 is below the allowed minimum = 0.950000113  In  [ No Gas ] :  Concentration value = 6575.12 is over the calibration range,FALSE,044SMPL.d,12/09/21 02:37 PM,,Sample,,13-D2,,0.385,0.4,,,10.407,0.4,6575.12,18.8,54.428,0.5,169.291,0.3,13.025,0.7,44.343,1.8,47.805,0.7,7.045,0.8,0.571,1,0.57,1.1,5.809,0.1,0.634,0.5,2.737,0.8,0.477,1,0.311,1.5,0.147,1.3,0.866,2,0.121,0.4,,
113  In  [ No Gas ] :  Calibration Curve Fit R value = -0.256925 is below the allowed minimum = 0.950000113  In  [ No Gas ] :  Concentration value = 1584.99 is over the calibration range,FALSE,045SMPL.d,12/09/21 02:42 PM,,Sample,,14-D2,,0.36,13,,,0.922,0.4,1584.989,29.4,4.989,0.1,7.381,0.5,1.163,0.8,4.394,1.5,4.882,0.7,0.665,0.1,0.057,1.3,0.058,3.7,0.518,1.8,0.053,1.3,0.217,2.8,0.039,2.2,<0.000,N/A,0.012,2.7,0.072,2.2,0.011,0.6,,
113  In  [ No Gas ] :  Calibration Curve Fit R value = -0.256925 is below the allowed minimum = 0.950000113  In  [ No Gas ] :  Concentration value = 6281.66 is over the calibration range,FALSE,046SMPL.d,12/09/21 02:47 PM,,Sample,,15-D2,,0.382,1.2,,,9.846,0.3,6281.662,13.3,53.294,1,162.294,0.6,12.801,0.9,43.345,0.9,46.635,0.4,6.784,0.9,0.549,0.1,0.554,2.1,5.651,0.3,0.615,1.1,2.621,0.3,0.452,0.5,0.271,1.2,0.141,0.3,0.833,1.2,0.117,2.3,,
113  In  [ No Gas ] :  Calibration Curve Fit R value = -0.256925 is below the allowed minimum = 0.950000,FALSE,047SMPL.d,12/09/21 02:52 PM,,Sample,,cal check 50,,51.214,0.5,,,49.395,1.1,763.143,26.6,48.595,1.3,49.488,0.9,48.349,1.6,49.874,0.5,49.063,0.3,48.69,0.3,49.901,0.4,50.379,0.6,48.941,0.3,49.647,0.3,50.331,0.9,49.862,0.6,49.576,1.3,49.724,0.5,51.165,1.4,49.121,1.4,,
113  In  [ No Gas ] :  Calibration Curve Fit R value = -0.256925 is below the allowed minimum = 0.950000,FALSE,048SMPL.d,12/09/21 02:57 PM,,Sample,,blank,,0.195,4.2,,,0.005,13.6,763.143,58.1,0.007,14.6,0.011,16.1,0.005,17.9,0.008,15,0.006,20,0.005,28.9,0.004,21.8,0.005,11.1,0.005,30.4,0.005,24,0.005,43.6,0.004,22.4,<0.000,N/A,0.004,15.1,0.005,29.2,0.004,16.8,,
113  In  [ No Gas ] :  Calibration Curve Fit R value = -0.256925 is below the allowed minimum = 0.950000113  In  [ No Gas ] :  Concentration value = 6281.60 is over the calibration range,FALSE,049SMPL.d,12/09/21 03:02 PM,,Sample,,1-D3,,0.408,0.6,,,9.112,0.5,6281.604,9.8,44.701,0.8,145.275,0.7,11.357,1.7,39.242,0.6,43.284,0.4,6.26,0.7,0.503,2,0.512,1.3,5.183,0.4,0.563,0.6,2.405,1.3,0.425,1,0.2,4.3,0.136,1.6,0.812,1.4,0.116,2.6,,
113  In  [ No Gas ] :  Calibration Curve Fit R value = -0.256925 is below the allowed minimum = 0.950000113  In  [ No Gas ] :  Concentration value = 2407.01 is over the calibration range,FALSE,050SMPL.d,12/09/21 03:07 PM,,Sample,,2-D3,,0.348,1.5,,,1.068,0.9,2407.011,15.2,5.958,0.4,9.607,0.4,1.421,0.3,5.263,0.2,5.82,0.3,0.782,2.6,0.068,0.4,0.066,5.5,0.619,1.6,0.066,1.8,0.257,1.1,0.048,1.6,<0.000,N/A,0.017,1,0.09,4.7,0.017,3.8,,
113  In  [ No Gas ] :  Calibration Curve Fit R value = -0.256925 is below the allowed minimum = 0.950000113  In  [ No Gas ] :  Concentration value = 6692.59 is over the calibration range,FALSE,051SMPL.d,12/09/21 03:12 PM,,Sample,,3-D3,,0.413,2.1,,,10.583,0.5,6692.585,15.8,61.165,0.5,183.447,0.4,14.489,1.6,48.88,0.5,52.962,0.4,7.626,0.5,0.603,0.4,0.613,1.4,6.24,0.8,0.668,0.4,2.823,0.7,0.491,1.8,0.337,3.2,0.153,1.4,0.876,0.5,0.126,1.4,,
113  In  [ No Gas ] :  Calibration Curve Fit R value = -0.256925 is below the allowed minimum = 0.950000113  In  [ No Gas ] :  Concentration value = 6633.82 is over the calibration range,FALSE,052SMPL.d,12/09/21 03:17 PM,,Sample,,4-D3,,0.386,0.3,,,9.389,0.2,6633.823,17.7,48.672,0.4,156.357,0.6,12.092,0.9,40.606,0.8,44.547,0.1,6.54,0.4,0.523,0.8,0.54,2.3,5.338,0.8,0.585,0.7,2.486,0.7,0.438,1.1,0.221,2.3,0.139,1.5,0.815,0.5,0.116,2.3,,
113  In  [ No Gas ] :  Calibration Curve Fit R value = -0.256925 is below the allowed minimum = 0.950000113  In  [ No Gas ] :  Concentration value = 6222.90 is over the calibration range,FALSE,053SMPL.d,12/09/21 03:22 PM,,Sample,,5-D3,,0.405,9.9,,,9.198,0.2,6222.9,14.2,45.593,0.7,145.929,1.2,11.41,2,39.607,0.4,43.598,0.9,6.361,0.1,0.505,1,0.517,1.4,5.229,0.3,0.567,0.4,2.439,0.9,0.428,0.2,0.211,4.1,0.137,1.4,0.813,1.9,0.117,1.5,,
113  In  [ No Gas ] :  Calibration Curve Fit R value = -0.256925 is below the allowed minimum = 0.950000113  In  [ No Gas ] :  Concentration value = 6809.99 is over the calibration range,FALSE,054SMPL.d,12/09/21 03:26 PM,,Sample,,6-D3,,0.412,4,,,10.586,0.3,6809.992,17.2,60.365,1.1,184.092,0.5,14.458,0.2,48.211,1.8,52.536,0.2,7.649,0.2,0.608,1.3,0.613,1.5,6.196,0.9,0.669,0.7,2.83,0.3,0.486,0.6,0.353,3.1,0.151,1.4,0.881,0.5,0.126,2.5,,
113  In  [ No Gas ] :  Calibration Curve Fit R value = -0.256925 is below the allowed minimum = 0.950000113  In  [ No Gas ] :  Concentration value = 1937.27 is over the calibration range,FALSE,055SMPL.d,12/09/21 03:31 PM,,Sample,,7-D3,,0.331,1.4,,,1.097,0.4,1937.267,24.1,6.166,0.2,9.989,0.3,1.468,0.1,5.447,1.4,5.982,0.7,0.818,1.4,0.07,5.8,0.07,8.2,0.635,1.4,0.068,2.5,0.266,1.6,0.048,4.4,<0.000,N/A,0.017,6.8,0.089,2.2,0.018,7.4,,
45  Sc  [ No Gas ] :  CPS RSD value = 9.66 is over the allowed maximum = 5.00113  In  [ No Gas ] :  Calibration Curve Fit R value = -0.256925 is below the allowed minimum = 0.950000113  In  [ No Gas ] :  Concentration value = 6633.82 is over the calibration range,FALSE,056SMPL.d,12/09/21 03:37 PM,,Sample,,8-D3,,0.453,9.7,,,10.552,0.3,6633.823,13.1,60.659,0.7,183.859,1.1,14.585,0.9,49.308,1.6,52.699,0.6,7.595,1,0.612,0.5,0.607,2.2,6.207,0.5,0.67,0.9,2.816,0.3,0.487,0.7,0.338,3.2,0.151,1.4,0.88,0.6,0.125,2,,
113  In  [ No Gas ] :  Calibration Curve Fit R value = -0.256925 is below the allowed minimum = 0.950000113  In  [ No Gas ] :  Concentration value = 6692.53 is over the calibration range,FALSE,057SMPL.d,12/09/21 03:41 PM,,Sample,,9-D3,,0.379,1.9,,,9.689,0.1,6692.527,5.3,50.245,0.3,160.82,0.1,12.445,0.3,42.252,1.7,45.551,0.3,6.754,0.4,0.532,1.3,0.556,1.8,5.553,0.4,0.602,0,2.549,0.8,0.449,0.6,0.253,1.6,0.141,1,0.838,0.2,0.118,1.7,,
113  In  [ No Gas ] :  Calibration Curve Fit R value = -0.256925 is below the allowed minimum = 0.950000113  In  [ No Gas ] :  Concentration value = 6516.48 is over the calibration range,FALSE,058SMPL.d,12/09/21 03:46 PM,,Sample,,10-D3,,0.399,9.8,,,9.395,0.2,6516.476,24.3,46.28,0.4,148.407,0.5,11.778,1.6,40.151,0.4,44.2,0.4,6.422,0.5,0.517,0.8,0.521,2.5,5.303,0.2,0.573,0.7,2.467,0.2,0.435,1.9,0.22,0.8,0.14,0.8,0.821,0.5,0.118,1.3,,
113  In  [ No Gas ] :  Calibration Curve Fit R value = -0.256925 is below the allowed minimum = 0.950000,FALSE,059SMPL.d,12/09/21 03:51 PM,,Sample,,cal check 100,,101.513,1,,,96.433,0.5,293.516,34.6,95.907,0.1,97.241,1.3,95.754,0.4,100.385,1,100.166,1.4,99.546,0.9,97.846,0.4,97.462,0.7,100.041,0.6,97.275,0.4,99.363,1,98.326,0.8,98.919,0.2,98.167,0.5,101.565,0.9,97.204,0.7,,
113  In  [ No Gas ] :  Calibration Curve Fit R value = -0.256925 is below the allowed minimum = 0.950000,FALSE,060SMPL.d,12/09/21 03:56 PM,,Sample,,blank,,0.222,3.2,,,0.005,6.3,587.033,17.3,0.006,13.7,0.012,13.1,0.004,16.1,0.006,22.5,0.007,3.5,0.004,30.8,0.004,8.9,0.004,11.3,0.004,16.8,0.004,8.1,0.004,10.2,0.004,13.2,<0.000,N/A,0.004,15,0.004,14.9,0.004,14.5,,
113  In  [ No Gas ] :  Calibration Curve Fit R value = -0.256925 is below the allowed minimum = 0.950000113  In  [ No Gas ] :  Concentration value = 5988.03 is over the calibration range,FALSE,061SMPL.d,12/09/21 04:01 PM,,Sample,,11-D3,,0.423,1.3,,,10.468,0.4,5988.029,20.6,62.083,0.4,184.487,0.5,14.763,1.3,49.815,0.7,53.331,0.6,7.645,0.5,0.593,1.3,0.598,1.6,6.198,0.2,0.662,0.4,2.786,0.6,0.479,0.6,0.334,3,0.148,1.4,0.874,0.8,0.122,0.8,,
113  In  [ No Gas ] :  Calibration Curve Fit R value = -0.256925 is below the allowed minimum = 0.950000113  In  [ No Gas ] :  Concentration value = 5988.09 is over the calibration range,FALSE,062SMPL.d,12/09/21 04:06 PM,,Sample,,12-D3,,0.392,3.7,,,9.652,0.1,5988.087,7.8,50.127,0.6,160.941,0.8,12.399,1.1,41.697,1.9,45.457,0.2,6.672,0.6,0.536,1.4,0.535,1.2,5.492,0.7,0.593,0.4,2.574,0.4,0.446,1.1,0.238,4.8,0.142,0.8,0.836,0.8,0.119,0.9,,
113  In  [ No Gas ] :  Calibration Curve Fit R value = -0.256925 is below the allowed minimum = 0.950000113  In  [ No Gas ] :  Concentration value = 6164.20 is over the calibration range,FALSE,063SMPL.d,12/09/21 04:11 PM,,Sample,,13-D3,,0.395,1.2,,,10.501,0.3,6164.197,15.9,58.846,1.2,180.328,0.5,14.06,0.9,47.686,2.1,50.933,1,7.409,0.1,0.594,0.8,0.601,1.6,6.075,0.5,0.655,0,2.775,0.6,0.481,0.6,0.326,2.3,0.15,0.3,0.862,0.6,0.123,1.9,,
113  In  [ No Gas ] :  Calibration Curve Fit R value = -0.256925 is below the allowed minimum = 0.950000113  In  [ No Gas ] :  Concentration value = 2583.06 is over the calibration range,FALSE,064SMPL.d,12/09/21 04:16 PM,,Sample,,14-D3,,0.354,4,,,1.123,0.4,2583.062,27.6,6.309,0.3,10.17,0.4,1.493,0.5,5.526,2.3,6.065,0.1,0.84,1.9,0.07,3.2,0.07,0.1,0.651,4,0.069,0.7,0.269,2.6,0.05,1.7,<0.000,N/A,0.017,3.7,0.092,4,0.017,2.1,,
113  In  [ No Gas ] :  Calibration Curve Fit R value = -0.256925 is below the allowed minimum = 0.950000113  In  [ No Gas ] :  Concentration value = 5577.16 is over the calibration range103  Rh ( ISTD )  [ No Gas ] :  CPS RSD value = 16.20 is over the allowed maximum = 5.00,FALSE,065SMPL.d,12/09/21 04:21 PM,,Sample,,15-D3,,0.398,0.4,,,10.457,2,5577.164,21.5,60.576,1.8,182.446,0.8,14.476,1.5,48.715,0.7,51.889,1.5,7.517,2.1,0.592,2,0.598,2.5,6.138,1.5,0.657,1.7,2.75,2,0.478,2.1,0.32,12.3,0.148,0.5,0.865,1.5,0.123,1.6,,
113  In  [ No Gas ] :  Calibration Curve Fit R value = -0.256925 is below the allowed minimum = 0.950000,FALSE,066SMPL.d,12/09/21 04:26 PM,,Sample,,1327t_1_10-30,,0.074,4,,,0.002,5.7,410.923,65.5,41.725,1.5,0.004,4.3,0.001,19.2,0.001,33.3,0.002,11.2,0,100,22.042,0.2,22.727,1,0.004,1.7,0,75.5,0,17.3,0,25,<0.000,N/A,0.003,4.7,37.407,0.4,0,19.9,,
113  In  [ No Gas ] :  Calibration Curve Fit R value = -0.256925 is below the allowed minimum = 0.950000,FALSE,067SMPL.d,12/09/21 04:31 PM,,Sample,,1327t_1_10-60,,0.071,2.6,,,0.003,16.7,880.549,0,195.544,1.2,0.005,5.6,0,23.6,0.001,0,0.001,21.6,0,75.5,140.58,0.3,140.662,0.7,0.014,6.5,0,114.6,0,88.2,0,83.3,<0.000,N/A,0.016,3.2,212.684,1.4,0.002,8,,
113  In  [ No Gas ] :  Calibration Curve Fit R value = -0.256925 is below the allowed minimum = 0.950000,FALSE,068SMPL.d,12/09/21 04:36 PM,,Sample,,1327t_1_50-10,,0.069,4.6,,,0.003,4.8,352.22,50,24.996,1.9,0.003,6.1,0.001,4.7,0.001,91.7,0.001,44.4,0,43.3,13.977,0.5,13.991,0.4,0.002,21.4,0,20,0,15.7,0,0,<0.000,N/A,0.002,4.6,13.723,0.5,0,39.4,,
113  In  [ No Gas ] :  Calibration Curve Fit R value = -0.256925 is below the allowed minimum = 0.950000,FALSE,069SMPL.d,12/09/21 04:41 PM,,Sample,,1327t_1_50-30,,0.075,3.7,,,0.003,7.3,587.033,17.3,104.694,0.2,0.005,4.1,0.001,13.2,0.001,78.1,0.001,15.7,0,15.7,74.933,0.1,75.168,0.4,0.008,14.3,0,49.5,0,33.3,0,47.2,<0.000,N/A,0.009,3.6,93.791,0.6,0.001,10,,
113  In  [ No Gas ] :  Calibration Curve Fit R value = -0.256925 is below the allowed minimum = 0.950000,FALSE,070SMPL.d,12/09/21 04:46 PM,,Sample,,1327t_2_10-30,,0.069,2,,,0.003,10.7,528.33,66.7,36.695,1.7,0.003,9.1,0.001,1.9,0.001,34.6,0.002,23.5,0.001,11.1,19.625,0.5,19.584,2,0.004,20.6,0.001,13,0.001,32.7,0.001,9.7,<0.000,N/A,0.003,6.9,29.703,0.1,0.001,10.7,,
113  In  [ No Gas ] :  Calibration Curve Fit R value = -0.256925 is below the allowed minimum = 0.950000,FALSE,071SMPL.d,12/09/21 04:51 PM,,Sample,,cal check 10 #2,,9.491,0.9,,,9.603,0.5,410.923,24.7,9.653,0.2,9.699,0.3,9.571,0.2,9.69,0.8,9.648,0.3,9.517,0.5,9.651,0.2,9.688,0.3,9.61,0.3,9.73,0.5,9.632,0.2,9.767,0.3,8.792,0.2,9.785,0.6,9.74,0.4,9.765,0.8,,
113  In  [ No Gas ] :  Calibration Curve Fit R value = -0.256925 is below the allowed minimum = 0.950000,FALSE,072SMPL.d,12/09/21 04:56 PM,,Sample,,blank,,0.168,2.8,,,0.001,29.8,528.33,120.2,0.001,4.5,0.002,25.3,0.001,14.3,0.001,65.5,0.001,32.8,0.001,52.9,0.001,15.6,0.001,66.1,0,21.7,0,5.3,0,53.9,0,14.8,<0.000,N/A,0,29.9,0.001,34.6,0,9.4,,
113  In  [ No Gas ] :  Calibration Curve Fit R value = -0.256925 is below the allowed minimum = 0.950000,FALSE,073SMPL.d,12/09/21 05:01 PM,,Sample,,1327t_2_10-60,,0.085,1.9,,,0.003,8,469.626,57.3,199.417,0.8,0.004,3,0,26.1,0.001,33.3,0.001,30.2,0,65.5,140.785,0.4,140.236,1.5,0.015,2.7,0,52.9,0,34.6,0,35.5,<0.000,N/A,0.017,3,201.012,0.9,0.002,12.5,,
113  In  [ No Gas ] :  Calibration Curve Fit R value = -0.256925 is below the allowed minimum = 0.950000,FALSE,074SMPL.d,12/09/21 05:06 PM,,Sample,,1327t_2_50-10,,0.08,2.9,,,0.002,9.7,704.439,90.1,28.557,1.1,0.003,14.6,0,31.1,0.001,50,0.001,14.8,0,86.6,16.1,0.1,16.115,0.2,0.002,11.6,0,33.3,0,43.3,0,44.4,<0.000,N/A,0.002,6.1,16.033,0.2,0,20,,
113  In  [ No Gas ] :  Calibration Curve Fit R value = -0.256925 is below the allowed minimum = 0.950000,FALSE,075SMPL.d,12/09/21 05:11 PM,,Sample,,1327t_2_50-30,,0.074,0.4,,,0.003,14.3,117.407,173.2,121.44,0.2,0.004,0.6,0,37.5,0.001,69.3,0.001,0,0,86.6,90.006,0.8,90.042,0.1,0.01,4.9,0,70.5,0,50,0,48,<0.000,N/A,0.011,5.5,110.152,0.5,0.001,10.5,,
113  In  [ No Gas ] :  Calibration Curve Fit R value = -0.256925 is below the allowed minimum = 0.950000,FALSE,076SMPL.d,12/09/21 05:16 PM,,Sample,,1327t_3_10-30,,0.074,2.5,,,0.002,13.8,587.033,62.4,36.424,1.3,0.002,5.2,0,9.2,0.001,34.6,0.001,44.1,0,124.9,19.055,0.5,19.136,0.6,0.003,12.4,0,115.5,0,65.5,0,43.3,<0.000,N/A,0.002,4.6,28.881,0.4,0,53.1,,
113  In  [ No Gas ] :  Calibration Curve Fit R value = -0.256925 is below the allowed minimum = 0.950000,FALSE,077SMPL.d,12/09/21 05:21 PM,,Sample,,1327t_3_10-60,,0.07,2.2,,,0.004,6.8,997.956,10.2,189.714,0.4,0.004,7.5,0,19.6,0.001,33.3,0.001,45.8,0,33.3,131.54,0.9,131.681,1.5,0.016,6.3,0,34.6,0,66.1,0,56.7,<0.000,N/A,0.016,3.4,192.594,0.4,0.002,13.3,,
113  In  [ No Gas ] :  Calibration Curve Fit R value = -0.256925 is below the allowed minimum = 0.950000,FALSE,078SMPL.d,12/09/21 05:26 PM,,Sample,,1327t_3_50-10,,0.071,2.3,,,0.003,5.2,587.033,45.8,31.021,0.6,0.003,6.8,0,15.1,0.001,43.3,0.001,22.9,0,65.5,17.754,0.8,17.894,0.6,0.002,7.4,0,69.3,0,94.4,0,24.7,<0.000,N/A,0.002,10.4,18.011,0.2,0,13.1,,
113  In  [ No Gas ] :  Calibration Curve Fit R value = -0.256925 is below the allowed minimum = 0.950000,FALSE,079SMPL.d,12/09/21 05:31 PM,,Sample,,1327t_3_50-30,,0.076,4.1,,,0.002,7,704.439,25,125.328,0.2,0.005,5.8,0,17.6,0.001,24.7,0.001,17.3,0.001,32.7,96.491,0.9,96.251,0.3,0.01,22.8,0,100,0,81.1,0,13.3,<0.000,N/A,0.011,4.6,117.447,0.7,0.001,8.7,,
113  In  [ No Gas ] :  Calibration Curve Fit R value = -0.256925 is below the allowed minimum = 0.950000,FALSE,080SMPL.d,12/09/21 05:37 PM,,Sample,,3385t_1_10-30,,0.068,3.3,,,0.002,15.7,352.22,86.6,45.382,0.3,0.002,14.7,0,27.9,0,100,0.001,10.8,0,100,25.708,1.7,25.721,0.4,0.004,28.4,0,86.6,0,43.3,0,100,<0.000,0,0.003,9.3,38.692,0.1,0,13.2,,
113  In  [ No Gas ] :  Calibration Curve Fit R value = -0.256925 is below the allowed minimum = 0.950000,FALSE,081SMPL.d,12/09/21 05:42 PM,,Sample,,3385t_1_10-60,,0.067,2.8,,,0.004,2.9,587.033,69.3,202.041,1.3,0.003,11.4,0,3.3,0.001,24.7,0.001,30.1,0,75.5,151.748,1.1,151.429,0.9,0.016,1.8,0,50,0,47.2,0,28.9,<0.000,N/A,0.019,0.5,219.369,0.5,0.002,7.8,,
113  In  [ No Gas ] :  Calibration Curve Fit R value = -0.256925 is below the allowed minimum = 0.950000,FALSE,082SMPL.d,12/09/21 05:47 PM,,Sample,,3385t_1_50-10,,0.072,4.3,,,0.003,9.2,469.626,57.3,32.313,0.6,0.003,7.5,0,25.8,0.001,57.7,0.001,66.1,0,91.7,18.182,0.7,18.204,1.3,0.002,20.8,0,21.7,0,13.3,0,68.6,<0.000,N/A,0.002,7.6,17.643,0.4,0,28.6,,
113  In  [ No Gas ] :  Calibration Curve Fit R value = -0.256925 is below the allowed minimum = 0.950000,FALSE,083SMPL.d,12/09/21 05:52 PM,,Sample,,cal check 25 #2,,24.508,1,,,24.982,0.6,352.22,86.6,24.793,1.7,24.993,1.2,24.496,0.9,24.478,0.7,24.273,0.3,24.002,0.3,24.864,0.4,25.208,1.4,24.045,0.6,24.946,1.1,24.258,0.4,24.954,0.8,23.495,0.5,25.187,1.2,24.541,0.7,25.098,1.4,,
113  In  [ No Gas ] :  Calibration Curve Fit R value = -0.256925 is below the allowed minimum = 0.950000,FALSE,084SMPL.d,12/09/21 05:57 PM,,Sample,,blank,,0.212,2.6,,,0.001,10.1,469.626,78.1,0.002,31.1,0.002,14,0.001,8.8,0.001,114.6,0.001,7.9,0.001,31.2,0.001,16.4,0.001,37.8,0.001,69.3,0.001,17.1,0.001,33,0.001,18.7,<0.000,N/A,0.001,12.9,0.001,19.3,0.001,22.8,,
113  In  [ No Gas ] :  Calibration Curve Fit R value = -0.256925 is below the allowed minimum = 0.950000,FALSE,085SMPL.d,12/09/21 06:02 PM,,Sample,,3385t_1_50-30,,0.096,1.1,,,0.003,2.7,587.033,45.8,132.596,1,0.004,2.5,0.001,25,0.001,45.8,0.001,22.2,0.001,14.3,103.907,1.3,103.526,0.3,0.01,1.1,0,37.3,0,56.7,0,18.4,<0.000,N/A,0.013,2.9,124.824,1.7,0.001,16.6,,
113  In  [ No Gas ] :  Calibration Curve Fit R value = -0.256925 is below the allowed minimum = 0.950000,FALSE,086SMPL.d,12/09/21 06:07 PM,,Sample,,3385t_2_10-30,,0.08,1.8,,,0.003,12.5,880.549,20,43.307,1.1,0.002,17.4,0.001,17.1,0.001,57.7,0.002,42.9,0.001,40,24.464,0.3,24.435,0.6,0.004,33,0,9.5,0.001,6,0,11.8,<0.000,N/A,0.003,8.1,35.556,0.1,0.001,14,,
113  In  [ No Gas ] :  Calibration Curve Fit R value = -0.256925 is below the allowed minimum = 0.950000,FALSE,087SMPL.d,12/09/21 06:12 PM,,Sample,,3385t_2_10-60,,0.072,6.2,,,0.003,5.1,645.736,15.7,201.134,0.7,0.004,7,0,19.9,0,100,0.001,40,0,57.7,148.072,0.8,149.04,1,0.016,2.7,0,17.3,0,35.3,0,60.1,<0.000,N/A,0.018,1.6,211.391,1.1,0.002,8.1,,
113  In  [ No Gas ] :  Calibration Curve Fit R value = -0.256925 is below the allowed minimum = 0.950000,FALSE,088SMPL.d,12/09/21 06:17 PM,,Sample,,3385t_2_50-10,,0.073,5,,,0.002,13.7,704.439,66.1,33.041,0.8,0.002,4.5,0,22.9,0.001,107.9,0.001,75.1,0,173.2,19.073,0.5,19.098,0.2,0.003,11.9,0,86.6,0,33.3,0,173.2,<0.000,N/A,0.003,9.7,18.9,0.2,0,6.7,,
113  In  [ No Gas ] :  Calibration Curve Fit R value = -0.256925 is below the allowed minimum = 0.950000,FALSE,089SMPL.d,12/09/21 06:22 PM,,Sample,,3385t_2_50-30,,0.075,5.3,,,0.002,9.4,469.626,21.7,129.549,0.6,0.004,19,0,50.7,0.001,86.6,0.001,32.9,0,91.7,101.87,0.9,101.701,0.5,0.01,10,0,13.3,0,100,0,47.2,<0.000,N/A,0.013,1,122.273,0.4,0.001,11.4,,
113  In  [ No Gas ] :  Calibration Curve Fit R value = -0.256925 is below the allowed minimum = 0.950000,FALSE,090SMPL.d,12/09/21 06:27 PM,,Sample,,3385t_3_10-30,,0.07,3.7,,,0.003,2.5,587.033,17.3,42.501,0.3,0.002,7,0,43.4,0.001,107.9,0.001,39,0,50,24.005,0.3,24.352,0.4,0.003,14.1,0,57.7,0,56.8,0,32.7,<0.000,N/A,0.003,7.3,34.464,0.7,0,29.8,,
113  In  [ No Gas ] :  Calibration Curve Fit R value = -0.256925 is below the allowed minimum = 0.950000,FALSE,091SMPL.d,12/09/21 06:32 PM,,Sample,,3385t_3_10-60,,0.068,5.5,,,0.004,2.7,821.846,61.9,200.625,0.9,0.004,0.7,0,11.2,0.001,89.2,0.001,27.1,0,173.2,146.537,0.7,147.037,0.4,0.016,13.2,0,15.7,0,10.2,0,43.3,<0.000,N/A,0.019,5.8,204.892,0,0.002,7.5,,
113  In  [ No Gas ] :  Calibration Curve Fit R value = -0.256925 is below the allowed minimum = 0.950000,FALSE,092SMPL.d,12/09/21 06:37 PM,,Sample,,3385t_3_50-10,,0.072,5.5,,,0.003,7,821.846,44.6,32.732,1.3,0.003,10.1,0,12.4,0.001,0,0.001,26.5,0,50,18.898,0.3,18.981,0.2,0.003,15.7,0,121.2,0,44.6,0,57.7,<0.000,0,0.002,4.7,18.383,0.5,0,31.2,,
113  In  [ No Gas ] :  Calibration Curve Fit R value = -0.256925 is below the allowed minimum = 0.950000,FALSE,093SMPL.d,12/09/21 06:42 PM,,Sample,,3385t_3_50-30,,0.072,1.2,,,0.003,8.5,645.736,41.7,133.007,1.8,0.005,3.5,0,27.2,0,100,0.001,52.7,0,50,106.149,0.7,106.025,0.6,0.011,6.6,0,43.3,0,26.6,0,20,<0.000,N/A,0.014,3,127.484,1.4,0.001,8.7,,
113  In  [ No Gas ] :  Calibration Curve Fit R value = -0.256925 is below the allowed minimum = 0.950000,FALSE,094SMPL.d,12/09/21 06:47 PM,,Sample,,4114t_1_10-30,,0.068,2.3,,,0.002,10.4,293.516,91.7,61.979,1,0.002,26.1,0,32.8,0,86.6,0.001,24.7,0,66.7,35.992,0.8,36.127,0.5,0.005,3.8,0,69.3,0,78.1,0,0,<0.000,N/A,0.004,4,57.019,1.1,0.001,11.3,,
113  In  [ No Gas ] :  Calibration Curve Fit R value = -0.256925 is below the allowed minimum = 0.950000,FALSE,095SMPL.d,12/09/21 06:52 PM,,Sample,,cal check 50 #2,,51.529,0.9,,,49.262,0.2,117.407,86.6,49.074,0.4,49.02,0.3,48.503,1,50.415,2,48.796,0.1,48.491,0.5,49.775,0.5,50.029,0.1,48.829,0.2,49.366,0.9,49.965,0.7,49.299,1.1,49.566,1,49.567,0.1,50.712,0.7,49.193,1.1,,
113  In  [ No Gas ] :  Calibration Curve Fit R value = -0.256925 is below the allowed minimum = 0.950000,FALSE,096SMPL.d,12/09/21 06:57 PM,,Sample,,blank,,0.249,3.9,,,0.002,16.3,352.22,86.6,0.002,13.5,0.002,12.7,0.001,8.5,0.001,45.8,0.001,6.9,0.001,40,0.002,16,0.001,12.5,0.001,36.7,0.001,18.8,0.001,9.4,0.001,9.1,<0.000,N/A,0.001,13.8,0.002,18.2,0.001,8.1,,
113  In  [ No Gas ] :  Calibration Curve Fit R value = -0.256925 is below the allowed minimum = 0.950000,FALSE,097SMPL.d,12/09/21 07:02 PM,,Sample,,4114t_1_10-60,,0.099,1.5,,,0.004,7.7,469.626,108.3,218.814,1.4,0.006,13.7,0.001,39.2,0.001,45.8,0.002,45.5,0.001,17.3,163.949,0.9,164.4,0.5,0.018,16.3,0.001,28.6,0.001,35.7,0.001,40.1,<0.000,N/A,0.023,2.1,238.239,0.6,0.003,12.7,,
113  In  [ No Gas ] :  Calibration Curve Fit R value = -0.256925 is below the allowed minimum = 0.950000,FALSE,098SMPL.d,12/09/21 07:07 PM,,Sample,,4114t_1_50-10,,0.086,1.5,,,0.003,11.7,704.439,25,40.47,0.3,0.004,4.2,0,13,0.001,45.8,0.001,27,0.001,39,26.583,1.2,26.593,0.9,0.004,14.2,0,23.1,0,34.6,0,15.1,<0.000,N/A,0.003,4,25.039,0.7,0,17.6,,
113  In  [ No Gas ] :  Calibration Curve Fit R value = -0.256925 is below the allowed minimum = 0.950000,FALSE,099SMPL.d,12/09/21 07:12 PM,,Sample,,4114t_1_50-30,,0.081,2.7,,,0.004,9.9,587.033,75.5,141.711,0.8,0.009,8.3,0.001,12.2,0.002,33.3,0.003,20.7,0.001,25,118.088,0.7,118.054,0.1,0.012,9.6,0.001,35.1,0.001,36.3,0.001,24,<0.000,N/A,0.016,1.6,141.195,1,0.002,17.3,,
113  In  [ No Gas ] :  Calibration Curve Fit R value = -0.256925 is below the allowed minimum = 0.950000,FALSE,100SMPL.d,12/09/21 07:17 PM,,Sample,,4114t_2_10-30,,0.076,3.4,,,0.003,13.1,821.846,32.7,67.605,0.7,0.005,6.3,0.001,32.4,0.003,21.7,0.002,5.3,0.001,26.5,41.278,0.6,41.392,1.4,0.006,17.8,0.001,5.8,0.001,20.4,0.001,13.2,<0.000,N/A,0.006,4.6,62.784,0.9,0.001,0.8,,
113  In  [ No Gas ] :  Calibration Curve Fit R value = -0.256925 is below the allowed minimum = 0.950000,FALSE,101SMPL.d,12/09/21 07:22 PM,,Sample,,4114t_2_10-60,,0.07,3.8,,,0.003,6.9,352.22,50,225.891,0.6,0.006,7.1,0.001,29.3,0.001,31.5,0.002,16.5,0.001,37.8,172.816,0.7,174.3,0.7,0.017,8.3,0.001,36.1,0.001,18.4,0.001,15.2,<0.000,N/A,0.024,0.6,246.03,0.4,0.003,4.8,,
113  In  [ No Gas ] :  Calibration Curve Fit R value = -0.256925 is below the allowed minimum = 0.950000,FALSE,102SMPL.d,12/09/21 07:27 PM,,Sample,,4114t_2_50-10,,0.076,3.9,,,0.005,7.7,704.439,25,39.025,0.4,0.008,6.9,0.002,29.5,0.003,52.7,0.003,19.8,0.002,38.9,25.862,0.4,26.015,0.8,0.004,21.8,0.001,20.5,0.002,22.1,0.001,32.5,<0.000,N/A,0.005,14.6,24.815,0.4,0.002,23.7,,
113  In  [ No Gas ] :  Calibration Curve Fit R value = -0.256925 is below the allowed minimum = 0.950000,FALSE,103SMPL.d,12/09/21 07:32 PM,,Sample,,4114t_2_50-30,,0.077,4.1,,,0.006,18.9,528.33,88.2,140.586,1.2,0.009,20.6,0.002,39.7,0.002,18.2,0.003,23,0.002,31.2,120.378,0.7,121.253,0.8,0.013,5.4,0.001,35.6,0.001,36.5,0.001,22,<0.000,N/A,0.017,6.2,143.621,1,0.003,23.6,,
113  In  [ No Gas ] :  Calibration Curve Fit R value = -0.256925 is below the allowed minimum = 0.950000,FALSE,104SMPL.d,12/09/21 07:37 PM,,Sample,,4114t_3_10-30,,0.07,5.8,,,0.004,12.9,645.736,56.8,68.171,0.8,0.006,12.4,0.001,21.8,0.002,18.2,0.002,15.8,0.001,30,41.701,1.4,41.364,1.5,0.007,2.7,0.001,39.3,0.001,55.7,0.001,4.7,<0.000,N/A,0.006,4.5,63.561,0.7,0.002,4.7,,
113  In  [ No Gas ] :  Calibration Curve Fit R value = -0.256925 is below the allowed minimum = 0.950000,FALSE,105SMPL.d,12/09/21 07:42 PM,,Sample,,4114t_3_10-60,,0.067,3.2,,,0.005,4.2,763.143,35.3,220.39,0.2,0.007,13.5,0.001,16.3,0.003,51.5,0.002,5.4,0.001,10.8,171.271,0.4,170.979,0.9,0.02,1.4,0.001,25.5,0.001,15.8,0.001,13.5,<0.000,N/A,0.024,3.4,242.571,0.7,0.003,6.5,,
113  In  [ No Gas ] :  Calibration Curve Fit R value = -0.256925 is below the allowed minimum = 0.950000,FALSE,106SMPL.d,12/09/21 07:47 PM,,Sample,,4114t_3_50-10,,0.073,2.3,,,0.003,16.6,352.22,86.6,38.688,0.7,0.003,8.5,0,46.8,0.001,31.5,0.001,20.8,0,91.7,25.537,2.7,25.839,0.7,0.003,19.9,0,57.3,0,17.3,0,44.6,<0.000,N/A,0.003,3.4,24.9,0.3,0,28.9,,
113  In  [ No Gas ] :  Calibration Curve Fit R value = -0.256925 is below the allowed minimum = 0.950000,FALSE,107SMPL.d,12/09/21 07:52 PM,,Sample,,cal check 100 #2,,101.876,0.3,,,96.728,0.5,293.516,34.6,96.499,0.6,96.94,0.6,94.885,0.4,99.451,1.5,99.958,2.3,99.043,0.9,96.621,1.1,97.997,1,99.709,0.7,97.578,0.7,99.262,1.3,96.586,0.6,97.358,1.4,97.714,0.8,101.516,1.1,96.72,0.7,,
113  In  [ No Gas ] :  Calibration Curve Fit R value = -0.256925 is below the allowed minimum = 0.950000,FALSE,108SMPL.d,12/09/21 07:57 PM,,Sample,,blank,,0.267,1.8,,,0.002,6.1,587.033,34.6,0.003,6,0.002,4.8,0.001,25.9,0.001,43.3,0.002,14.2,0.001,24,0.002,8.1,0.002,11.1,0.002,14.5,0.002,15.7,0.002,20.8,0.001,13.7,<0.000,N/A,0.001,13.4,0.002,24.4,0.002,5.7,,
113  In  [ No Gas ] :  Calibration Curve Fit R value = -0.256925 is below the allowed minimum = 0.950000,FALSE,109SMPL.d,12/09/21 08:02 PM,,Sample,,4114t_3_50-30,,0.105,2.1,,,0.003,9.3,410.923,107.9,141.786,1.2,0.007,12,0.001,36.2,0.002,74.2,0.002,26,0.001,33.1,125.523,0.6,125.975,0.9,0.012,7.1,0.001,31.8,0.001,38.2,0.001,17.7,<0.000,N/A,0.019,2.6,148.74,0.9,0.002,9.9,,
113  In  [ No Gas ] :  Calibration Curve Fit R value = -0.256925 is below the allowed minimum = 0.950000,FALSE,110SMPL.d,12/09/21 08:07 PM,,Sample,,4685t_1_10-30,,0.084,2.9,,,0.004,14.8,880.549,34.6,31.575,0.8,0.005,36.7,0.002,29.4,0.004,34.6,0.003,39.4,0.001,54.5,15.99,0.5,16.087,0.5,0.004,16.9,0.001,27.2,0.001,20.7,0.001,32.3,<0.000,N/A,0.003,5,21.352,0.5,0.001,28.7,,
113  In  [ No Gas ] :  Calibration Curve Fit R value = -0.256925 is below the allowed minimum = 0.950000103  Rh ( ISTD )  [ No Gas ] :  CPS RSD value = 19.46 is over the allowed maximum = 5.00,FALSE,111SMPL.d,12/09/21 08:12 PM,,Sample,,4685t_1_10-60,,0.079,5.6,,,0.005,7.5,939.253,21.7,187.46,2.1,0.008,21,0.002,23.4,0.002,24.1,0.003,2.4,0.002,39.7,127.35,1.7,128.488,1.3,0.015,4,0.001,15.7,0.002,29.7,0.001,38.1,<0.000,N/A,0.018,3.7,175.878,1.2,0.003,13.5,,
113  In  [ No Gas ] :  Calibration Curve Fit R value = -0.256925 is below the allowed minimum = 0.950000,FALSE,112SMPL.d,12/09/21 08:17 PM,,Sample,,4685t_1_50-10,,0.083,2.6,,,0.003,16.8,410.923,89.2,19.546,0.6,0.004,17.3,0.001,18.6,0.002,16.7,0.002,21.2,0.001,51.6,11.194,0.3,11.156,0.5,0.003,10.8,0.001,27.9,0.001,61.5,0.001,47.1,<0.000,N/A,0.002,10.7,10.805,0.6,0.001,27,,
113  In  [ No Gas ] :  Calibration Curve Fit R value = -0.256925 is below the allowed minimum = 0.950000113  In  [ No Gas ] :  Concentration value = 1056.66 is over the calibration range,FALSE,113SMPL.d,12/09/21 08:22 PM,,Sample,,4685t_1_50-30,,0.078,2.4,,,0.004,15.6,1056.659,28.9,94.961,1.1,0.006,15.2,0.001,33.7,0.002,66.8,0.002,44.8,0.001,32.8,65.776,0.9,66.221,0.5,0.008,8.6,0.001,48,0.001,51.2,0.001,25.2,<0.000,N/A,0.009,7.8,85.022,1.3,0.002,20.7,,
113  In  [ No Gas ] :  Calibration Curve Fit R value = -0.256925 is below the allowed minimum = 0.950000,FALSE,114SMPL.d,12/09/21 08:27 PM,,Sample,,4685t_2_10-30,,0.075,3.7,,,0.003,13.7,763.143,35.3,19.4,0.5,0.004,9,0.001,28.2,0.002,90.1,0.002,23.3,0.001,42.1,10.393,0.6,10.418,0.8,0.002,5.9,0.001,6.8,0.001,42.1,0.001,11.4,<0.000,N/A,0.002,5.9,13.044,0.8,0.001,18.5,,
113  In  [ No Gas ] :  Calibration Curve Fit R value = -0.256925 is below the allowed minimum = 0.950000,FALSE,115SMPL.d,12/09/21 08:32 PM,,Sample,,4685t_2_10-60,,0.076,1.4,,,0.004,15.3,469.626,94.4,175.945,0.1,0.006,8,0.001,16.6,0.001,69.3,0.002,12,0.001,22.9,111.231,0.7,111.757,0.1,0.016,3.8,0.001,9.9,0.001,20.1,0.001,15,<0.000,N/A,0.016,3.8,151.629,1.2,0.002,4.3,,
113  In  [ No Gas ] :  Calibration Curve Fit R value = -0.256925 is below the allowed minimum = 0.950000,FALSE,116SMPL.d,12/09/21 08:37 PM,,Sample,,4685t_2_50-10,,0.073,3.4,,,0.002,15.6,704.439,109,16.232,0.5,0.004,11.8,0.001,33.5,0.003,13.3,0.002,36.8,0.001,24.7,10.55,0.5,10.67,0.3,0.002,18,0.001,35,0.001,22.4,0.001,8.7,<0.000,N/A,0.002,11.6,10.567,0.2,0.001,21.3,,
113  In  [ No Gas ] :  Calibration Curve Fit R value = -0.256925 is below the allowed minimum = 0.950000,FALSE,117SMPL.d,12/09/21 08:42 PM,,Sample,,4685t_2_50-30,,0.075,3.8,,,0.005,19.2,587.033,62.4,90.111,0.2,0.007,15.8,0.001,27.3,0.003,71.8,0.003,41.8,0.001,37.8,60.543,0.7,60.094,0.9,0.009,11.8,0.001,38.2,0.001,32.2,0.001,35.9,<0.000,N/A,0.009,3,78.625,0.7,0.002,21.2,,
113  In  [ No Gas ] :  Calibration Curve Fit R value = -0.256925 is below the allowed minimum = 0.950000,FALSE,118SMPL.d,12/09/21 08:47 PM,,Sample,,4685t_3_10-30,,0.072,8.1,,,0.003,0.6,821.846,32.7,20.604,0.8,0.004,28.5,0.001,6.4,0.002,48,0.002,47.2,0.001,15.1,11.111,0.4,11.103,0.9,0.003,36.4,0.001,17.8,0.001,14.8,0.001,19.5,<0.000,N/A,0.002,6.3,13.81,0.4,0.001,21.7,,
113  In  [ No Gas ] :  Calibration Curve Fit R value = -0.256925 is below the allowed minimum = 0.950000,FALSE,119SMPL.d,12/09/21 08:52 PM,,Sample,,cal check 10 #3,,9.223,1,,,9.407,0.3,293.516,173.2,9.47,0.2,9.532,0.5,9.418,0.1,9.485,1,9.462,0.9,9.387,0.8,9.479,0.4,9.542,0.2,9.441,0.5,9.554,0.1,9.505,0.3,9.612,0,8.604,0.4,9.629,0.1,9.65,0.7,9.583,0.3,,
113  In  [ No Gas ] :  Calibration Curve Fit R value = -0.256925 is below the allowed minimum = 0.950000,FALSE,120SMPL.d,12/09/21 08:58 PM,,Sample,,blank,,0.183,2.2,,,0.002,14.5,293.516,69.3,0.007,40.9,0.004,33.6,0.001,33.4,0.001,0,0.002,12.5,0.002,66.1,0.004,25,0.004,53.1,0.001,73.4,0.001,33.9,0.001,41.9,0.001,46.2,<0.000,N/A,0.001,34.8,0.005,21.7,0.001,20.4,,
113  In  [ No Gas ] :  Calibration Curve Fit R value = -0.256925 is below the allowed minimum = 0.950000,FALSE,121SMPL.d,12/09/21 09:03 PM,,Sample,,4685t_3_10-60,,0.087,3.5,,,0.004,10.5,821.846,12.4,180.861,0.5,0.007,10.8,0.002,33.9,0.003,43.3,0.003,35.5,0.001,27,115.089,0.8,116.096,0.7,0.016,3.6,0.001,11.9,0.001,9.1,0.001,29.4,<0.000,N/A,0.017,3.8,156.664,0.5,0.003,12.4,,
113  In  [ No Gas ] :  Calibration Curve Fit R value = -0.256925 is below the allowed minimum = 0.950000,FALSE,122SMPL.d,12/09/21 09:08 PM,,Sample,,4685t_3_50-10,,0.081,2.2,,,0.003,3.7,587.033,69.3,11.945,0.2,0.004,12.8,0.001,15.7,0.001,62.4,0.002,17.6,0.002,17.8,8.286,0.6,8.313,0.9,0.002,17.3,0.001,25,0.001,30.3,0.001,18,<0.000,N/A,0.002,2.5,7.675,0.6,0.001,9.4,,
113  In  [ No Gas ] :  Calibration Curve Fit R value = -0.256925 is below the allowed minimum = 0.950000,FALSE,123SMPL.d,12/09/21 09:13 PM,,Sample,,4685t_3_50-30,,0.075,5.9,,,0.004,5.7,352.22,86.6,78.671,0.6,0.006,3.6,0.001,16.5,0.002,56.7,0.002,39.3,0.001,11.1,51.343,0.4,51.736,1.5,0.008,5.5,0.001,9.1,0.001,7.9,0.001,2.3,<0.000,N/A,0.008,3.2,69.029,1.1,0.002,9.6,,
113  In  [ No Gas ] :  Calibration Curve Fit R value = -0.256925 is below the allowed minimum = 0.950000,FALSE,124SMPL.d,12/09/21 09:18 PM,,Sample,,1203_1_10-30,,0.073,1.9,,,0.004,11.8,587.033,45.8,81.338,0.3,0.005,31.8,0.001,45.9,0.001,33.3,0.003,17.5,0.001,22.3,55.249,0.4,54.866,1.2,0.008,13.5,0.001,35.8,0.001,28.5,0.001,38.6,<0.000,N/A,0.008,5.7,80.172,0.5,0.002,21.4,,
113  In  [ No Gas ] :  Calibration Curve Fit R value = -0.256925 is below the allowed minimum = 0.950000,FALSE,125SMPL.d,12/09/21 09:23 PM,,Sample,,1203_1_10-60,,0.068,2.3,,,0.004,6.8,587.033,17.3,231.4,0.8,0.007,9.9,0.001,23.7,0.003,22.9,0.002,18.6,0.001,13.3,191.14,0.5,191.591,0.7,0.021,5.2,0.001,14.8,0.001,18.9,0.001,33.6,<0.000,N/A,0.028,1.8,262.911,1.1,0.003,3.8,,
113  In  [ No Gas ] :  Calibration Curve Fit R value = -0.256925 is below the allowed minimum = 0.950000,FALSE,126SMPL.d,12/09/21 09:28 PM,,Sample,,1203_1_50-10,,0.074,4.6,,,0.004,12,587.033,34.6,41.578,0.2,0.007,11.6,0.001,30.2,0.003,75,0.003,33.4,0.001,60,28.956,1.3,29.023,1.4,0.005,11.8,0.001,41.9,0.001,31.1,0.001,45.1,<0.000,N/A,0.005,9.9,29.025,0.3,0.001,27.1,,
113  In  [ No Gas ] :  Calibration Curve Fit R value = -0.256925 is below the allowed minimum = 0.950000,FALSE,127SMPL.d,12/09/21 09:33 PM,,Sample,,1203_1_50-30,,0.075,2.7,,,0.005,13.7,352.22,50,147.133,0.4,0.009,7.1,0.001,19.5,0.002,50.9,0.003,28.2,0.001,32.9,132.575,1.1,132.914,1.2,0.012,14.9,0.001,16.8,0.001,27.3,0.001,10.8,<0.000,N/A,0.019,4,155.65,0.9,0.002,7.8,,
113  In  [ No Gas ] :  Calibration Curve Fit R value = -0.256925 is below the allowed minimum = 0.950000,FALSE,128SMPL.d,12/09/21 09:38 PM,,Sample,,1203_2_10-30,,0.07,2,,,0.004,17.5,528.33,33.3,78.143,0.4,0.005,9,0.001,18.8,0.003,37.7,0.002,20.9,0.001,30,51.697,0.3,51.652,0.8,0.007,15.4,0.001,30.1,0.001,50.6,0.001,7.4,<0.000,N/A,0.008,4.5,80.61,0.7,0.002,3.2,,
113  In  [ No Gas ] :  Calibration Curve Fit R value = -0.256925 is below the allowed minimum = 0.950000,FALSE,129SMPL.d,12/09/21 09:43 PM,,Sample,,1203_2_10-60,,0.068,6.7,,,0.005,5.7,528.33,88.2,226.672,0.2,0.007,5.4,0.001,2.2,0.002,21.7,0.003,27,0.001,31.1,184.396,0.6,184.476,0.4,0.02,9.5,0.001,21,0.001,15.8,0.001,6.7,<0.000,N/A,0.026,3.1,265.115,1.5,0.004,2.9,,
113  In  [ No Gas ] :  Calibration Curve Fit R value = -0.256925 is below the allowed minimum = 0.950000,FALSE,130SMPL.d,12/09/21 09:48 PM,,Sample,,1203_2_50-10,,0.073,2.6,,,0.004,10.6,410.923,24.7,41.735,0.4,0.008,11.2,0.002,10.3,0.004,9.1,0.003,32.9,0.002,21.1,29.707,0.5,29.673,0.4,0.005,7.2,0.001,16.5,0.002,17.8,0.001,31.2,<0.000,N/A,0.005,5.5,29.74,0.3,0.002,21.6,,
113  In  [ No Gas ] :  Calibration Curve Fit R value = -0.256925 is below the allowed minimum = 0.950000,FALSE,131SMPL.d,12/09/21 09:53 PM,,Sample,,cal check 25 #3,,23.971,0.2,,,24.389,1.1,587.033,34.6,24.379,0.7,24.595,1,24.337,0.5,24.085,0.2,23.797,0.4,23.564,0.4,24.333,0.5,24.562,1.3,23.769,0.2,24.8,1.3,23.971,0.1,24.565,0.8,23.089,0.4,24.834,0.9,24.195,0.3,24.584,0.5,,
113  In  [ No Gas ] :  Calibration Curve Fit R value = -0.256925 is below the allowed minimum = 0.950000,FALSE,132SMPL.d,12/09/21 09:58 PM,,Sample,,blank,,0.215,0.9,,,0.002,17.1,293.516,91.7,0.008,18.3,0.005,24.6,0.002,18,0.003,20.8,0.003,34.1,0.002,39.8,0.006,22.7,0.005,42.4,0.002,47.5,0.002,17.3,0.002,40.7,0.002,24.7,<0.000,N/A,0.002,21,0.007,33,0.002,14.9,,
113  In  [ No Gas ] :  Calibration Curve Fit R value = -0.256925 is below the allowed minimum = 0.950000,FALSE,133SMPL.d,12/09/21 10:03 PM,,Sample,,1203_2_50-30,,0.098,2.2,,,0.005,14.8,469.626,78.1,148.303,0.1,0.008,13.3,0.001,25.2,0.002,48,0.002,10.8,0.001,26.6,132.64,0.2,133.208,0.1,0.014,12.6,0.001,39,0.001,22.4,0.001,29.3,<0.000,N/A,0.019,3.5,157.183,0.7,0.002,12.8,,
113  In  [ No Gas ] :  Calibration Curve Fit R value = -0.256925 is below the allowed minimum = 0.950000,FALSE,134SMPL.d,12/09/21 10:08 PM,,Sample,,1203_3_10-30,,0.079,0.9,,,0.004,5.9,763.143,35.3,82.5,1.1,0.006,33.7,0.002,22.7,0.002,65.5,0.002,30,0.002,30.1,56.507,1.6,56.105,0.9,0.008,15.8,0.001,30.2,0.001,41.2,0.001,25.7,<0.000,N/A,0.009,3.5,83.824,0.5,0.002,18.9,,
113  In  [ No Gas ] :  Calibration Curve Fit R value = -0.256925 is below the allowed minimum = 0.950000113  In  [ No Gas ] :  Concentration value = 1350.18 is over the calibration range,FALSE,135SMPL.d,12/09/21 10:13 PM,,Sample,,1203_3_10-60,,0.074,2.7,,,0.005,7,1350.176,27.2,232.691,0.5,0.008,16.8,0.001,44.6,0.002,10.2,0.003,5.7,0.002,15.2,190.13,0.9,191.526,0.7,0.019,12.8,0.001,45.3,0.001,22.2,0.001,28.9,<0.000,N/A,0.028,1.6,267.667,1.2,0.004,12.3,,
113  In  [ No Gas ] :  Calibration Curve Fit R value = -0.256925 is below the allowed minimum = 0.950000,FALSE,136SMPL.d,12/09/21 10:18 PM,,Sample,,1203_3_50-10,,0.074,1.5,,,0.003,19.9,880.549,60,42.842,1.6,0.007,14.4,0.001,12.4,0.003,19.9,0.002,17.3,0.001,20.1,30.676,1.9,30.524,0.8,0.006,24.3,0.001,33.7,0.001,45.7,0.001,32.6,<0.000,N/A,0.005,2.2,30.574,0.3,0.002,26.2,,
113  In  [ No Gas ] :  Calibration Curve Fit R value = -0.256925 is below the allowed minimum = 0.950000,FALSE,137SMPL.d,12/09/21 10:23 PM,,Sample,,1203_3_50-30,,0.075,4,,,0.004,14.2,352.22,86.6,149.128,0.7,0.009,13.9,0.001,19.4,0.002,44.1,0.003,15.7,0.002,29.9,133.492,0.6,134.43,0.8,0.014,3.3,0.001,23.5,0.001,20,0.001,30.6,<0.000,N/A,0.022,3.3,158.953,0.5,0.003,9.6,,
113  In  [ No Gas ] :  Calibration Curve Fit R value = -0.256925 is below the allowed minimum = 0.950000,FALSE,138SMPL.d,12/09/21 10:28 PM,,Sample,,check2_10-30,,0.07,3.8,,,0.004,4.2,587.033,62.4,165.362,0.3,0.007,12.8,0.002,5.4,0.003,33.1,0.003,30.4,0.001,50,185.522,0,186.011,1,0.015,12,0.001,16.6,0.001,36.9,0.001,15.8,<0.000,N/A,0.028,2.5,221.432,0.5,0.003,10.9,,
113  In  [ No Gas ] :  Calibration Curve Fit R value = -0.256925 is below the allowed minimum = 0.950000,FALSE,139SMPL.d,12/09/21 10:33 PM,,Sample,,check2_10-60,,0.071,3.4,,,0.005,5.1,410.923,65.5,328.012,1.1,0.009,10.9,0.002,8.2,0.003,33.1,0.003,16,0.002,17.6,370.098,0.5,369.685,0.4,0.028,8.8,0.001,11.3,0.001,32.7,0.001,17.6,<0.000,N/A,0.052,3.2,435.29,1,0.005,4.1,,
113  In  [ No Gas ] :  Calibration Curve Fit R value = -0.256925 is below the allowed minimum = 0.950000,FALSE,140SMPL.d,12/09/21 10:38 PM,,Sample,,check2_50-10,,0.071,4.9,,,0.003,11.8,293.516,34.6,55.223,0.4,0.006,11.3,0.001,18.7,0.002,57.3,0.002,43.4,0.001,51.5,62.955,1,62.921,0.5,0.005,16.3,0.001,23.6,0.001,30.3,0.001,22.5,<0.000,N/A,0.01,7.8,75.915,1.1,0.002,23.3,,
113  In  [ No Gas ] :  Calibration Curve Fit R value = -0.256925 is below the allowed minimum = 0.950000,FALSE,141SMPL.d,12/09/21 10:43 PM,,Sample,,check2_50-30,,0.07,4,,,0.004,12.2,410.923,49.5,164.122,0.6,0.007,25.3,0.001,41.9,0.002,44.6,0.002,36.3,0.001,28.6,182.84,0.1,184.272,0.5,0.015,7,0.001,47.4,0.001,25,0.001,33.6,<0.000,N/A,0.027,4,219.825,0.4,0.003,13.2,,
113  In  [ No Gas ] :  Calibration Curve Fit R value = -0.256925 is below the allowed minimum = 0.950000,FALSE,142SMPL.d,12/09/21 10:48 PM,,Sample,,3189_1_10-30,,0.07,2.4,,,0.003,14.7,352.22,86.6,32.446,1.4,0.004,25.1,0.001,27.2,0.002,52.9,0.002,5.9,0.001,9.1,17.434,0.2,17.465,0.4,0.004,8,0.001,51.1,0.001,57.4,0.001,45.2,<0.000,N/A,0.003,15.4,29.887,0.4,0.001,23.4,,
113  In  [ No Gas ] :  Calibration Curve Fit R value = -0.256925 is below the allowed minimum = 0.950000,FALSE,143SMPL.d,12/09/21 10:53 PM,,Sample,,cal check 50 #3,,51.112,0.5,,,48.036,1.1,704.439,90.1,48.219,1.1,48.726,1,47.556,0.9,49.89,0.6,48.03,0.1,47.807,0.8,49.34,1,49.398,0.5,47.982,0.1,48.482,0.3,49.127,1.2,48.796,0.7,49.12,0.4,48.744,0.8,50.468,0.9,48.217,1,,
113  In  [ No Gas ] :  Calibration Curve Fit R value = -0.256925 is below the allowed minimum = 0.950000,FALSE,144SMPL.d,12/09/21 10:58 PM,,Sample,,blank,,0.241,2.6,,,0.002,12.6,58.703,173.2,0.01,17.4,0.005,9.1,0.002,8.2,0.003,50.9,0.003,10.2,0.002,31.4,0.007,17,0.007,28.7,0.002,7.1,0.002,9.3,0.002,4.2,0.002,9.5,<0.000,N/A,0.002,18.2,0.009,6,0.002,21.7,,
113  In  [ No Gas ] :  Calibration Curve Fit R value = -0.256925 is below the allowed minimum = 0.950000,FALSE,145SMPL.d,12/09/21 11:03 PM,,Sample,,3189_1_10-60,,0.092,1.7,,,0.005,5,469.626,57.3,182.198,1.5,0.007,2,0.002,26.4,0.002,20,0.003,12,0.002,27.7,131.918,1.1,132.41,1,0.017,7.7,0.001,13.2,0.001,26.4,0.001,10.2,<0.000,N/A,0.021,2.8,197.394,0.5,0.003,11.4,,
113  In  [ No Gas ] :  Calibration Curve Fit R value = -0.256925 is below the allowed minimum = 0.950000,FALSE,146SMPL.d,12/09/21 11:08 PM,,Sample,,3189_1_50-10,,0.085,3.2,,,0.004,3.6,410.923,89.2,38.15,0.5,0.007,14.2,0.002,8.6,0.003,57.3,0.002,49.7,0.002,38.9,24.302,1.5,24.492,0.3,0.005,8.7,0.001,16.8,0.001,36.7,0.001,16.6,<0.000,N/A,0.005,4,22.358,0.1,0.002,25.2,,
113  In  [ No Gas ] :  Calibration Curve Fit R value = -0.256925 is below the allowed minimum = 0.950000,FALSE,147SMPL.d,12/09/21 11:13 PM,,Sample,,3189_1_50-30,,0.076,1.2,,,0.004,12.3,410.923,49.5,134.173,0.7,0.008,17.1,0.001,30.3,0.002,33.3,0.003,29.4,0.001,40.1,107.493,0.2,107.628,0.9,0.013,2.2,0.001,43.3,0.001,48.1,0.001,26.8,<0.000,N/A,0.016,5.1,130.649,1.1,0.002,18,,
113  In  [ No Gas ] :  Calibration Curve Fit R value = -0.256925 is below the allowed minimum = 0.950000,FALSE,148SMPL.d,12/09/21 11:18 PM,,Sample,,3189_2_10-30,,0.072,4.2,,,0.003,23.5,528.33,57.7,35.535,0.6,0.005,15.4,0.001,29.8,0.002,24.1,0.002,38.6,0.001,0,19.554,0.2,19.694,0.8,0.004,25.5,0.001,27,0.001,18.3,0.001,43.3,<0.000,N/A,0.003,17.5,31.166,0.7,0.001,24.9,,
113  In  [ No Gas ] :  Calibration Curve Fit R value = -0.256925 is below the allowed minimum = 0.950000,FALSE,149SMPL.d,12/09/21 11:23 PM,,Sample,,3189_2_10-60,,0.069,3.3,,,0.005,5.2,704.439,66.1,191.214,0.8,0.007,5.1,0.001,5.3,0.002,16.7,0.003,7.9,0.001,28.4,140.073,1.2,140.483,0.6,0.016,10,0.001,10.4,0.001,20.5,0.001,26.3,<0.000,N/A,0.021,1.1,201.722,0.5,0.003,14.4,,
113  In  [ No Gas ] :  Calibration Curve Fit R value = -0.256925 is below the allowed minimum = 0.950000,FALSE,150SMPL.d,12/09/21 11:28 PM,,Sample,,3189_2_50-10,,0.072,0.9,,,0.003,10.6,176.11,0,37.136,0.9,0.005,19.8,0.001,39.9,0.001,41.7,0.002,53.9,0.001,44.1,22.591,1.3,23.151,0.4,0.004,7.1,0.001,35.1,0.001,33.4,0.001,9.1,<0.000,N/A,0.004,13.2,21.088,0.2,0.001,41.2,,
113  In  [ No Gas ] :  Calibration Curve Fit R value = -0.256925 is below the allowed minimum = 0.950000,FALSE,151SMPL.d,12/09/21 11:33 PM,,Sample,,3189_2_50-30,,0.072,2.2,,,0.005,13.3,293.516,69.3,129.998,0.2,0.008,5.6,0.001,29.2,0.002,24.1,0.002,9.1,0.001,30,102.935,0.6,102.918,0.5,0.012,14.3,0.001,14.5,0.001,15.6,0.001,42.3,<0.000,N/A,0.015,3.6,123.909,0.7,0.002,15.1,,
113  In  [ No Gas ] :  Calibration Curve Fit R value = -0.256925 is below the allowed minimum = 0.950000,FALSE,152SMPL.d,12/09/21 11:38 PM,,Sample,,3189_3_10-30,,0.068,4.6,,,0.003,5.1,645.736,68.6,39.751,0.8,0.004,21.9,0.001,24.7,0.002,0,0.002,26.7,0,34.6,21.951,1.7,22.506,0.9,0.005,25.8,0.001,42.1,0.001,39.8,0.001,41.6,<0.000,N/A,0.004,13.3,36.182,0.8,0.001,27.2,,
113  In  [ No Gas ] :  Calibration Curve Fit R value = -0.256925 is below the allowed minimum = 0.950000,FALSE,153SMPL.d,12/09/21 11:43 PM,,Sample,,3189_3_10-60,,0.066,2.5,,,0.003,12.6,704.439,43.3,184.75,0.5,0.006,20.6,0.001,25.5,0.003,43.8,0.002,16.1,0.001,43.3,137.456,0.6,137.158,0.9,0.016,11.5,0.001,39.9,0.001,16.4,0.001,21.8,<0.000,N/A,0.02,1.9,202.545,0.3,0.003,5.5,,
113  In  [ No Gas ] :  Calibration Curve Fit R value = -0.256925 is below the allowed minimum = 0.950000,FALSE,154SMPL.d,12/09/21 11:48 PM,,Sample,,3189_3_50-10,,0.07,2.8,,,0.003,20.6,352.22,86.6,38.143,0.3,0.005,7.2,0.001,32,0.002,28.6,0.002,10.5,0.001,60.3,24.897,0.7,25.036,1.2,0.003,23.9,0.001,31.5,0.001,79.5,0.001,26.5,<0.000,N/A,0.004,9.7,22.992,0.4,0.001,19.2,,
113  In  [ No Gas ] :  Calibration Curve Fit R value = -0.256925 is below the allowed minimum = 0.950000,FALSE,155SMPL.d,12/09/21 11:53 PM,,Sample,,cal check 100 #3,,100.803,0.2,,,92.938,1.2,469.626,78.1,93.833,0.7,95.582,0.2,94.508,0.6,98.443,0.7,98.537,0.9,98.053,0.5,95.932,0.6,96.396,0.6,97.701,0.9,96.281,1.1,98.527,0.8,96.105,1.1,96.998,1.3,95.634,0.2,98.916,0.7,95.425,0.9,,
113  In  [ No Gas ] :  Calibration Curve Fit R value = -0.256925 is below the allowed minimum = 0.950000,FALSE,156SMPL.d,12/09/21 11:58 PM,,Sample,,blank,,0.263,4,,,0.003,15.1,117.407,86.6,0.011,8,0.005,13.8,0.002,10,0.002,60.1,0.003,9.1,0.002,6.3,0.008,1.1,0.008,11.4,0.002,34.5,0.002,4.5,0.002,16.4,0.002,9.4,<0.000,N/A,0.002,0.9,0.01,21.2,0.002,3.3,,
113  In  [ No Gas ] :  Calibration Curve Fit R value = -0.256925 is below the allowed minimum = 0.950000,FALSE,157SMPL.d,12/10/21 12:03 AM,,Sample,,3189_3_50-30,,0.102,1.3,,,0.004,4.2,410.923,49.5,136.474,0.2,0.005,5.3,0.001,13.3,0.001,88.2,0.002,12.5,0.001,20.8,108.011,0.3,109.311,0.4,0.012,7.6,0.001,9.1,0.001,22,0.001,21.7,<0.000,N/A,0.016,1.6,131.879,0.8,0.002,18.4,,
113  In  [ No Gas ] :  Calibration Curve Fit R value = -0.256925 is below the allowed minimum = 0.950000,FALSE,158SMPL.d,12/10/21 12:08 AM,,Sample,,3190_1_10-30,,0.083,2.3,,,0.003,4.4,234.813,173.2,53.514,0.5,0.002,4,0.001,19.4,0.001,34.6,0.001,17.3,0,107.9,29.789,1.1,30.054,1.9,0.006,13.6,0,19.3,0,31.2,0,16.4,<0.000,N/A,0.005,2,50.638,2.2,0.001,17.9,,
113  In  [ No Gas ] :  Calibration Curve Fit R value = -0.256925 is below the allowed minimum = 0.950000,FALSE,159SMPL.d,12/10/21 12:13 AM,,Sample,,3190_1_10-60,,0.075,1,,,0.003,6.3,352.22,0,209.308,0.6,0.004,13.6,0,26,0.001,88.2,0.001,32.9,0,75.5,156.913,0.9,158.041,0.2,0.018,5.8,0,30.1,0.001,14.3,0,31.1,<0.000,N/A,0.023,3.4,231.353,0.6,0.002,5.3,,
113  In  [ No Gas ] :  Calibration Curve Fit R value = -0.256925 is below the allowed minimum = 0.950000,FALSE,160SMPL.d,12/10/21 12:18 AM,,Sample,,3190_1_50-10,,0.077,3.6,,,0.002,5.8,352.22,50,37.09,0.4,0.003,12.1,0,38,0.001,69.3,0.001,10.2,0,69.3,23.38,0.9,23.595,0.7,0.003,13.2,0,44.4,0,10.2,0,20.4,<0.000,N/A,0.004,3.9,21.906,0.1,0,32.7,,
113  In  [ No Gas ] :  Calibration Curve Fit R value = -0.256925 is below the allowed minimum = 0.950000,FALSE,161SMPL.d,12/10/21 12:23 AM,,Sample,,3190_1_50-30,,0.074,9.4,,,0.003,10.7,234.813,114.6,133.202,0.3,0.006,5,0.001,6.6,0.002,48,0.002,34.8,0.001,28.6,105.395,0.3,105.864,0.2,0.012,12,0.001,17.2,0.001,38.5,0,20.3,<0.000,N/A,0.016,2.5,127.932,0.1,0.002,5.3,,
113  In  [ No Gas ] :  Calibration Curve Fit R value = -0.256925 is below the allowed minimum = 0.950000,FALSE,162SMPL.d,12/10/21 12:28 AM,,Sample,,3190_2_10-30,,0.069,3.5,,,0.004,3.8,234.813,43.3,44.293,0.8,0.005,12.6,0.002,5.4,0.003,22.9,0.003,19.9,0.001,14.3,22.277,1.3,22.866,0.5,0.006,9.4,0.001,18.2,0.001,30,0.001,3,<0.000,N/A,0.004,6.3,38.751,0.1,0.001,10.5,,
113  In  [ No Gas ] :  Calibration Curve Fit R value = -0.256925 is below the allowed minimum = 0.950000,FALSE,163SMPL.d,12/10/21 12:33 AM,,Sample,,3190_2_10-60,,0.067,3.8,,,0.004,10.5,410.923,89.2,196.959,0.1,0.004,0.8,0.001,18.3,0,86.6,0.001,30,0,31.5,143.726,0.5,143.835,0.5,0.016,3.5,0,22.4,0,17.3,0,14.5,<0.000,N/A,0.022,1.9,215.112,0.8,0.002,13.3,,
113  In  [ No Gas ] :  Calibration Curve Fit R value = -0.256925 is below the allowed minimum = 0.950000,FALSE,164SMPL.d,12/10/21 12:38 AM,,Sample,,3190_2_50-10,,0.07,3.4,,,0.002,10.4,293.516,34.6,35.134,1.5,0.003,9.1,0,31.2,0,86.6,0.001,20.4,0,21.7,20.494,0.3,21.321,0.3,0.003,18.5,0,56.8,0,34.6,0,60,<0.000,N/A,0.003,7.2,19.513,0.2,0,24.1,,
113  In  [ No Gas ] :  Calibration Curve Fit R value = -0.256925 is below the allowed minimum = 0.950000,FALSE,165SMPL.d,12/10/21 12:43 AM,,Sample,,3190_2_50-30,,0.069,0.3,,,0.002,17.1,176.11,100,128.162,0,0.005,11.5,0,10.7,0.001,69.3,0.001,8.7,0,65.5,100.813,0.9,100.986,1.1,0.01,12.9,0,100,0,62.4,0,31.5,<0.000,N/A,0.014,2,122.304,0.8,0.001,10.6,,
113  In  [ No Gas ] :  Calibration Curve Fit R value = -0.256925 is below the allowed minimum = 0.950000,FALSE,166SMPL.d,12/10/21 12:48 AM,,Sample,,3190_3_10-30,,0.068,3.1,,,0.002,2,645.736,83.3,55.863,0.8,0.002,27.5,0,9.1,0.001,43.3,0.001,20,0,137.8,32.546,1.1,32.178,0,0.004,24.6,0,65.5,0,49.5,0,13.3,<0.000,N/A,0.004,7.2,51.99,1.2,0,29,,
113  In  [ No Gas ] :  Calibration Curve Fit R value = -0.256925 is below the allowed minimum = 0.950000,FALSE,167SMPL.d,12/10/21 12:53 AM,,Sample,,cal check 10 #4,,9.16,1.2,,,9.241,0.2,469.626,78.1,9.4,0.6,9.408,0.5,9.319,0.5,9.508,0.6,9.376,0.4,9.277,0.5,9.438,0.5,9.533,0.9,9.42,0.6,9.556,0.3,9.464,0.5,9.573,0.4,8.601,0.5,9.64,0.3,9.545,0.4,9.664,1.7,,
113  In  [ No Gas ] :  Calibration Curve Fit R value = -0.256925 is below the allowed minimum = 0.950000,FALSE,168SMPL.d,12/10/21 12:59 AM,,Sample,,blank,,0.179,2.2,,,0.001,5.8,352.22,132.3,0.001,28.5,0.001,15.6,0,2.6,0.001,43.3,0.001,66.6,0.001,26.6,0.001,41,0.001,33.3,0.001,28.6,0,24.2,0,8.7,0,34.3,<0.000,N/A,0,4.8,0.001,24.1,0,3.1,,
113  In  [ No Gas ] :  Calibration Curve Fit R value = -0.256925 is below the allowed minimum = 0.950000,FALSE,169SMPL.d,12/10/21 01:04 AM,,Sample,,3190_3_10-60,,0.084,0.9,,,0.003,15.6,469.626,78.1,203.207,0.8,0.004,13,0,23.5,0.001,43.3,0.001,19.9,0,107.9,154.877,0.4,155.449,1,0.017,12.5,0,37.8,0,39,0,10.8,<0.000,N/A,0.022,2.2,226.259,0.9,0.002,8.2,,
113  In  [ No Gas ] :  Calibration Curve Fit R value = -0.256925 is below the allowed minimum = 0.950000,FALSE,170SMPL.d,12/10/21 01:09 AM,,Sample,,3190_3_50-10,,0.076,3.7,,,0.003,2,117.407,173.2,33.232,0.4,0.003,19.5,0,10.2,0,173.2,0.001,43.6,0,34.6,18.998,0.6,19.45,2.2,0.003,9.9,0,56.8,0,31.5,0,24.1,<0.000,N/A,0.003,3.5,18.461,0.1,0,41.7,,
113  In  [ No Gas ] :  Calibration Curve Fit R value = -0.256925 is below the allowed minimum = 0.950000,FALSE,171SMPL.d,12/10/21 01:14 AM,,Sample,,3190_3_50-30,,0.074,3,,,0.002,7.5,234.813,114.6,126.823,0.4,0.004,14.9,0,43.7,0.001,65.5,0.001,32.9,0,34.6,96.878,0.4,96.895,0.3,0.011,17,0,65.5,0,91.7,0,66.7,<0.000,N/A,0.014,6.1,118.79,0.5,0.001,18.3,,
113  In  [ No Gas ] :  Calibration Curve Fit R value = -0.256925 is below the allowed minimum = 0.950000,FALSE,172SMPL.d,12/10/21 01:19 AM,,Sample,,3191_1_10-30,,0.066,6.5,,,0.002,4.4,352.22,0,53.76,1.3,0.002,12.3,0,20.4,0.001,49.5,0,24.7,0,34.6,30.057,0.5,30.464,0.9,0.006,3,0,91.7,0,81,0,66.1,<0.000,N/A,0.004,7.3,49.992,0.1,0,17.9,,
113  In  [ No Gas ] :  Calibration Curve Fit R value = -0.256925 is below the allowed minimum = 0.950000,FALSE,173SMPL.d,12/10/21 01:24 AM,,Sample,,3191_1_10-60,,0.066,3.7,,,0.012,2.7,352.22,50,203.391,0.1,0.068,1.5,0.005,11.1,0.014,26.4,0.017,4,0.003,26.5,153.911,0.4,154.933,0.8,0.02,7.8,0,29.3,0.002,16,0.001,3.4,<0.000,N/A,0.022,3.2,227.903,1.2,0.002,4.4,,
113  In  [ No Gas ] :  Calibration Curve Fit R value = -0.256925 is below the allowed minimum = 0.950000,FALSE,174SMPL.d,12/10/21 01:29 AM,,Sample,,3191_1_50-10,,0.069,3,,,0.002,4.3,410.923,49.5,36.746,0.5,0.003,9,0,13.6,0.001,62.4,0.001,28.4,0,100,22.282,1.8,23.048,1.1,0.003,23.3,0,68.9,0,0,0,17.3,<0.000,N/A,0.003,1.5,20.458,0.2,0,14.3,,
113  In  [ No Gas ] :  Calibration Curve Fit R value = -0.256925 is below the allowed minimum = 0.950000,FALSE,175SMPL.d,12/10/21 01:34 AM,,Sample,,3191_1_50-30,,0.072,3.1,,,0.003,10.4,410.923,24.7,131.969,0.8,0.005,6.3,0,10.8,0.001,50,0.001,44.4,0,86.6,106.243,0.3,106.195,0.6,0.012,15.6,0,43.3,0,58.1,0,114.6,<0.000,N/A,0.015,6.3,126.152,1.2,0.001,13.8,,
113  In  [ No Gas ] :  Calibration Curve Fit R value = -0.256925 is below the allowed minimum = 0.950000,FALSE,176SMPL.d,12/10/21 01:39 AM,,Sample,,3191_2_10-30,,0.066,2.9,,,0.003,8.4,587.033,34.6,62.311,0.4,0.002,14.4,0,22.2,0.001,57.3,0.002,42.8,0,86.6,37.516,1,37.425,0.3,0.005,23.8,0,33.3,0,86.6,0,56.8,<0.000,N/A,0.005,6.8,57.392,0.3,0.001,9.8,,
113  In  [ No Gas ] :  Calibration Curve Fit R value = -0.256925 is below the allowed minimum = 0.950000,FALSE,177SMPL.d,12/10/21 01:44 AM,,Sample,,3191_2_10-60,,0.064,3,,,0.003,5.3,880.549,60,207.555,0.3,0.004,5.5,0,27.2,0.001,21.7,0.001,50.8,0,33.3,160.678,0.3,159.225,0.7,0.018,9,0,45.8,0,0,0,12.4,<0.000,N/A,0.023,0.9,231.158,0.8,0.002,7,,
113  In  [ No Gas ] :  Calibration Curve Fit R value = -0.256925 is below the allowed minimum = 0.950000,FALSE,178SMPL.d,12/10/21 01:49 AM,,Sample,,3191_2_50-10,,0.067,2.4,,,0.002,8.4,293.516,69.3,35.349,0.3,0.003,9.4,0,31.1,0,0,0.001,15.7,0,34.6,20.969,0.2,21.667,1.4,0.003,10.2,0,173.2,0,86.6,0,81,<0.000,N/A,0.003,4.6,20.254,0.5,0,20.5,,
113  In  [ No Gas ] :  Calibration Curve Fit R value = -0.256925 is below the allowed minimum = 0.950000,FALSE,179SMPL.d,12/10/21 01:54 AM,,Sample,,cal check 25 #4,,23.797,0.6,,,24.11,0.9,410.923,65.5,24.297,0.4,24.452,1.5,24.133,1,23.81,0.5,23.504,0.3,23.386,0.2,24.531,1,24.363,0.7,23.649,0.3,24.433,0.9,23.842,0.2,24.731,0.4,23.035,0.4,24.511,0.9,24.034,0.3,24.477,1.2,,
113  In  [ No Gas ] :  Calibration Curve Fit R value = -0.256925 is below the allowed minimum = 0.950000,FALSE,180SMPL.d,12/10/21 01:59 AM,,Sample,,blank,,0.213,1.1,,,0.001,19.7,352.22,86.6,0.002,5.2,0.001,4.7,0.001,25.5,0.001,43.3,0,56.8,0.001,25,0.001,14.1,0.001,8.7,0,58.1,0.001,22.4,0.001,7.5,0.001,13.6,<0.000,N/A,0.001,2.5,0.002,27.1,0.001,19.1,,
113  In  [ No Gas ] :  Calibration Curve Fit R value = -0.256925 is below the allowed minimum = 0.950000,FALSE,181SMPL.d,12/10/21 02:04 AM,,Sample,,3191_2_50-30,,0.089,6,,,0.004,13.9,704.439,132.3,131.776,1.4,0.005,7.4,0,14.2,0.001,21.7,0.001,13.5,0,56.8,102.786,0.7,103.315,0.4,0.011,17.1,0,31.6,0,97.2,0,41.6,<0.000,N/A,0.015,1,125.003,1,0.001,5.4,,
113  In  [ No Gas ] :  Calibration Curve Fit R value = -0.256925 is below the allowed minimum = 0.950000,FALSE,182SMPL.d,12/10/21 02:09 AM,,Sample,,3191_3_10-30,,0.077,1.6,,,0.003,14.5,234.813,114.6,63.375,0.3,0.002,16.5,0,20.4,0.001,91.7,0.001,20.8,0,69.3,38.343,0.7,38.637,1.3,0.005,13.4,0,58.1,0,34.6,0,33.1,<0.000,N/A,0.006,1.5,57.452,0.6,0.001,20,,
113  In  [ No Gas ] :  Calibration Curve Fit R value = -0.256925 is below the allowed minimum = 0.950000,FALSE,183SMPL.d,12/10/21 02:14 AM,,Sample,,3191_3_10-60,,0.068,1.4,,,0.004,9.1,528.33,145.3,213.341,0.6,0.004,14.4,0,37.6,0.001,86.6,0.001,50.8,0.001,75.3,163.971,1.1,165.779,0.4,0.018,8.7,0,43.3,0,66.1,0,48.4,<0.000,N/A,0.024,0.5,232.601,0.1,0.002,15.7,,
113  In  [ No Gas ] :  Calibration Curve Fit R value = -0.256925 is below the allowed minimum = 0.950000,FALSE,184SMPL.d,12/10/21 02:19 AM,,Sample,,3191_3_50-10,,0.07,0.2,,,0.003,2.6,117.407,173.2,38.668,1.1,0.003,8.9,0,19.3,0.001,57.3,0.001,14.3,0,0,24.925,0.3,25.149,1,0.003,25,0,35.3,0,34.6,0,43.3,<0.000,N/A,0.004,2.1,22.852,0.7,0,15.2,,
113  In  [ No Gas ] :  Calibration Curve Fit R value = -0.256925 is below the allowed minimum = 0.950000,FALSE,185SMPL.d,12/10/21 02:24 AM,,Sample,,3191_3_50-30,,0.071,3.7,,,0.003,8.5,410.923,49.5,133.536,1,0.004,9.7,0,31.3,0,86.6,0.001,41.7,0,57.7,106.648,0.4,106.246,0.4,0.012,11.6,0,65.5,0,15.7,0,52.9,<0.000,N/A,0.015,1.5,130.122,0.7,0.001,15.3,,
113  In  [ No Gas ] :  Calibration Curve Fit R value = -0.256925 is below the allowed minimum = 0.950000,FALSE,186SMPL.d,12/10/21 02:29 AM,,Sample,,qwt2_1_10-30,,0.064,5.7,,,0.003,7.7,469.626,94.4,75.658,0.4,0.002,10.5,0,9.6,0.001,103.3,0.001,63.5,0,91.7,48.454,0.5,48.608,1.2,0.007,18.1,0,90.1,0,50,0,13.3,<0.000,N/A,0.007,2.6,73.78,0.4,0.001,24.5,,
113  In  [ No Gas ] :  Calibration Curve Fit R value = -0.256925 is below the allowed minimum = 0.950000,FALSE,187SMPL.d,12/10/21 02:34 AM,,Sample,,qwt2_1_10-60,,0.067,4.4,,,0.003,12.3,410.923,24.7,221.113,0.8,0.004,14.6,0,33.7,0,173.2,0.001,33.3,0,50,175.514,0.7,175.758,0.6,0.018,7,0,65.5,0,78.1,0,51.5,<0.000,N/A,0.025,1.8,249.046,1.5,0.002,5.8,,
113  In  [ No Gas ] :  Calibration Curve Fit R value = -0.256925 is below the allowed minimum = 0.950000,FALSE,188SMPL.d,12/10/21 02:39 AM,,Sample,,qwt2_1_50-10,,0.072,1.9,,,0.003,7.9,704.439,90.1,37.548,0.2,0.003,6.2,0,22.4,0.001,62.4,0.001,22.2,0,50,24.148,0.7,24.329,0.8,0.003,11,0,15.7,0,90.1,0,41.7,<0.000,N/A,0.003,9.4,22.693,0.4,0,24.7,,
113  In  [ No Gas ] :  Calibration Curve Fit R value = -0.256925 is below the allowed minimum = 0.950000,FALSE,189SMPL.d,12/10/21 02:44 AM,,Sample,,qwt2_1_50-30,,0.069,2.5,,,0.003,8.9,234.813,114.6,132.615,0.6,0.004,5.8,0,10,0,100,0.001,9.1,0.001,25,108.177,0.4,108.277,0.1,0.01,12.4,0,75.5,0,66.7,0,35.3,<0.000,N/A,0.015,3.7,130.587,1.1,0.001,2.6,,
113  In  [ No Gas ] :  Calibration Curve Fit R value = -0.256925 is below the allowed minimum = 0.950000,FALSE,190SMPL.d,12/10/21 02:49 AM,,Sample,,qwt2_2_10-30,,0.063,1.1,,,0.004,10,352.22,100,75.962,0.9,0.002,9.6,0,24.2,0.001,69.3,0.001,39.6,0,57.3,48.795,1.2,49.018,0.3,0.007,11.1,0,35.3,0,57.7,0,20,<0.000,N/A,0.007,5.7,73.147,0.3,0.001,9.5,,
113  In  [ No Gas ] :  Calibration Curve Fit R value = -0.256925 is below the allowed minimum = 0.950000,FALSE,191SMPL.d,12/10/21 02:54 AM,,Sample,,cal check 50 #4,,51.117,0.6,,,47.984,1,234.813,114.6,48.287,0.3,48.287,0.7,47.531,0.6,49.077,0.7,47.59,0.4,47.436,0.3,48.846,1.1,49.401,0.6,47.905,0.2,48.452,0.6,49.753,1,48.449,0.8,49.121,1.6,48.922,1,50.042,2,48.623,1.5,,
113  In  [ No Gas ] :  Calibration Curve Fit R value = -0.256925 is below the allowed minimum = 0.950000,FALSE,192SMPL.d,12/10/21 02:59 AM,,Sample,,blank,,0.238,2.6,,,0.001,23.5,352.22,0,0.005,31.1,0.002,10.9,0.001,6.3,0.001,78.1,0.001,36.6,0.001,11.1,0.003,25.3,0.004,37.5,0.001,12.1,0.001,6.3,0.001,22,0.001,29.1,<0.000,N/A,0.001,18.7,0.005,34.2,0.001,11.5,,
113  In  [ No Gas ] :  Calibration Curve Fit R value = -0.256925 is below the allowed minimum = 0.950000,FALSE,193SMPL.d,12/10/21 03:04 AM,,Sample,,qwt2_2_10-60,,0.091,3.5,,,0.005,13.5,587.033,17.3,224.371,0.4,0.006,11.6,0.001,13.9,0.002,32.7,0.002,36.8,0.001,10.2,181.256,0.3,181.071,0.5,0.019,1.4,0.001,19,0.001,27.8,0.001,34.8,<0.000,N/A,0.027,5.3,254.861,0.8,0.004,10.2,,
113  In  [ No Gas ] :  Calibration Curve Fit R value = -0.256925 is below the allowed minimum = 0.950000,FALSE,194SMPL.d,12/10/21 03:09 AM,,Sample,,qwt2_2_50-10,,0.082,1,,,0.004,9,352.22,100,36.981,0.4,0.005,18.2,0.001,10.6,0.001,17.3,0.002,35.3,0.001,21.7,24.253,0.4,24.226,1.3,0.004,16.5,0.001,47.9,0.001,41.8,0.001,25.1,<0.000,N/A,0.004,7.3,22.91,0.4,0.001,37,,
113  In  [ No Gas ] :  Calibration Curve Fit R value = -0.256925 is below the allowed minimum = 0.950000,FALSE,195SMPL.d,12/10/21 03:14 AM,,Sample,,qwt2_2_50-30,,0.08,0.6,,,0.004,3.5,234.813,114.6,132.429,1,0.006,9.8,0.001,34.1,0.001,34.6,0.001,18.2,0.001,61.9,110.187,0.4,109.919,1.1,0.011,22.3,0.001,5.9,0.001,19.2,0.001,6.6,<0.000,N/A,0.016,2,133.203,1.1,0.002,16.5,,
113  In  [ No Gas ] :  Calibration Curve Fit R value = -0.256925 is below the allowed minimum = 0.950000,FALSE,196SMPL.d,12/10/21 03:19 AM,,Sample,,qwt2_3_10-30,,0.071,2.6,,,0.003,18.6,528.33,33.3,76.414,1,0.003,18.3,0.001,15.7,0.001,94.4,0.002,24.7,0.001,16.7,49.979,0.1,50.08,1.1,0.007,29.3,0,26.6,0.001,29,0.001,16.7,<0.000,N/A,0.007,3.8,73.82,0.5,0.001,14.7,,
113  In  [ No Gas ] :  Calibration Curve Fit R value = -0.256925 is below the allowed minimum = 0.950000,FALSE,197SMPL.d,12/10/21 03:24 AM,,Sample,,qwt2_3_10-60,,0.063,0.6,,,0.005,5.3,410.923,65.5,227.635,0.1,0.005,4,0.001,23.2,0.002,50,0.002,61,0,15.7,181.303,0.3,181.788,0.4,0.019,9.7,0,28.6,0.001,45.1,0,13.5,<0.000,N/A,0.027,2.6,252.396,0,0.003,1.5,,
113  In  [ No Gas ] :  Calibration Curve Fit R value = -0.256925 is below the allowed minimum = 0.950000,FALSE,198SMPL.d,12/10/21 03:29 AM,,Sample,,qwt2_3_50-10,,0.071,3.7,,,0.003,9,587.033,45.8,35.319,1.3,0.004,15,0.001,33.5,0.002,40,0.001,33.3,0.001,71,22.142,0.7,22.987,0.8,0.004,3.6,0,23.2,0.001,76,0,37.2,<0.000,N/A,0.003,7.8,22.125,0.4,0.001,37.1,,
113  In  [ No Gas ] :  Calibration Curve Fit R value = -0.256925 is below the allowed minimum = 0.950000,FALSE,199SMPL.d,12/10/21 03:34 AM,,Sample,,qwt2_3_50-30,,0.071,3.4,,,0.005,15.7,176.11,0,135.153,0.1,0.005,6.2,0.001,18.6,0.001,24.7,0.001,18.7,0,0,115.245,0.2,114.631,0.7,0.012,2.7,0,46.6,0,81.1,0,22.2,<0.000,N/A,0.016,1.8,137.374,0.2,0.001,15.6,,
113  In  [ No Gas ] :  Calibration Curve Fit R value = -0.256925 is below the allowed minimum = 0.950000,FALSE,200SMPL.d,12/10/21 03:39 AM,,Sample,,blank,,0.099,1.3,,,0.001,15.4,293.516,124.9,0.01,18,0.002,14,0.001,34,0,173.2,0.001,15.7,0.001,28.6,0.008,24.6,0.008,33.8,0.001,22.9,0.001,26.3,0.001,9.1,0.001,22.2,<0.000,N/A,0.001,24.2,0.011,24.7,0.001,31.8,,
113  In  [ No Gas ] :  Calibration Curve Fit R value = -0.256925 is below the allowed minimum = 0.950000,FALSE,201SMPL.d,12/10/21 03:45 AM,,Sample,,blank,,0.102,2.4,,,0.001,12.6,234.813,43.3,0.01,18.6,0.003,9.7,0.001,18.4,0.001,57.3,0.001,11.1,0.001,65.5,0.007,16.7,0.008,32,0.001,27,0.001,8.8,0.001,29.9,0.001,32.7,<0.000,N/A,0.001,36.7,0.009,12.6,0.001,27,,
113  In  [ No Gas ] :  Calibration Curve Fit R value = -0.256925 is below the allowed minimum = 0.950000,FALSE,202SMPL.d,12/10/21 03:50 AM,,Sample,,blank,,0.101,3.2,,,0.001,36.5,352.22,86.6,0.003,41.4,0.001,23.1,0,43,0,173.2,0.001,43.3,0,33.3,0.002,57.2,0.002,12.1,0,68.6,0,12.5,0,36.7,0,9.8,<0.000,N/A,0,2.6,0.002,12.6,0,8.4,,
